item,case_id,control_item,question,our_status_at_the_time,second_annotator,second_annotator_sentence
A01,v6-B2-05,True,"Measurement: 183.7 mAh/g, modification: 1 wt% MWCNT conductive additive, rate 0.33C (after 3 cycles at 0.1C), cycle 50, discharge, window 2.8–4.3 V, half cell, Li metal, 30 °C, electrolyte 1 M LiPF6 in EC:EMC 3:7 (wt). Does the paper establish the cathode material of this sample?",stated_elsewhere,NO,
A02,v6-B1-10,False,"Measurement: 224 mAh/g, material NCM811, rate 0.2C, window 3.0–4.6 V, half cell, Li metal, 25 °C, electrolyte 1 M LiBF4 + 1 M LiDFOB in tFEP/FEC. Does the paper establish whether the value is a charge capacity or a discharge capacity?",not_reported,NO,
A03,v5-3E,False,"Measurement: 141 mAh/g, material NCM811 (regenerated), modification: aluminium present (>1%) in the regenerated material; not an intentional modification, rate 0.1C, cycle 5, discharge, window 2.8–4.3 V, half cell, Li metal, electrolyte TC-E918 (LiPF6 in organic carbonates). Does the paper establish the test temperature for this value?",not_reported,NO,
A04,v5-3B,False,"Measurement: 137.1 mAh/g, material NCM811, rate 1C (1C = 180 mA/g), cycle 100, window 2.0–4.3 V, full cell, Si/a-Sn/CoSi2/G/C anode, room temperature (no number). Does the paper establish the electrolyte used in this cell?",not_reported,NO,
A05,v6-B2-11,False,"Measurement: ~100 mAh/g, material NMC811 (0.2 M metal-concentration synthesis), rate C/3 (after one C/10 activation cycle), cycle 100, window 3.0–4.5 V, half cell, Li metal, 25 °C, electrolyte 1 M LiPF6 in EC:DMC 1:1 (v/v), LP30. Does the paper establish whether the value is a charge capacity or a discharge capacity?",not_reported,NO,
A06,v6-B2-01,True,"Measurement: 205.79 mAh/g, material NMC811@cPAN, modification: PAN-derived carbon coating, discharge, window 2.8–4.3 V, half cell, Li metal, 28 °C, electrolyte 1 M LiPF6 in EC/EMC/DEC 2:2:1 (wt) + 10 wt% FEC. Does the paper establish the C-rate for this value?",stated,YES,"When the current rate returns to 0.2 C, 98.6% of the initial capacity at 0.2 C has been recovered, and the discharge capacity of NMC811@cPAN has reached 205.79 mAh g−1."
A07,v6-B1-11,False,"Measurement: 203.9 mAh/g, material NCM811, modification: SPE coating (high loading, 38.7 mg/cm2), rate 0.1C, discharge, all-solid-state cell with a Li–In alloy negative electrode, 60 °C, electrolyte Li6PS5Cl (inorganic sulfide solid electrolyte). Does the paper establish the voltage window (cutoffs) for this value?",not_reported,NO,
A08,v5-1B,True,"Measurement: 149.04 mAh/g, material NCM811, modification: Al2O3 coating, rate 1C, discharge, half cell, Li foil, 25 °C, electrolyte 1 M LiPF6 in EC:DEC 1:1. Does the paper establish the voltage window (cutoffs) for this value and which cycle the value comes from?",stated,YES,"The impact of Al2O3 using the ALD coating system on the enhancement of the electrochemical performance of the NCM811 cathode material was assessed through cycling at 1 C across the voltage ranges of 2.8–4.3, 4.4, and 4.5 V vs. Li/Li+ at 25 °C, as depicted in Figure 3. [...] After 150 cycles, the former delivered 149.04 mAh g−1, while the latter achieved 127.69 mAh g−1."
A09,v6-B2-08,False,"Measurement: 167.6 mAh/g, material NCM811 (NCMSe), modification: selenium modification, rate 10C, discharge, window 2.7–4.5 V, half cell, Li metal, electrolyte 1.0 M LiPF6 in EC:DEC 3:7 (wt). Does the paper establish the test temperature for this value?",not_reported,NO,
A10,v6-B1-09,False,"Measurement: 162.6 mAh/g, material NCM811, rate 0.2C, discharge, Li metal negative electrode (NCM811|P15 Z30 PEDF|Li; the paper calls these full cells), electrolyte composite solid electrolyte P15 Z30 PEDF. Does the paper establish the test temperature for this value?",not_reported,NO,
A11,v5-3F,False,"Measurement: 193 mAh/g, material NMC811, rate 1/15C, cycle 1, window 2.7–4.5 V, in situ EPR cell with Li metal (half cell), room temperature (no number), electrolyte 1 M LiPF6 in EC/EMC 3:7 (LP57), no VC | 225 mAh/g, material NMC811, rate 1/15C, window 2.7–4.5 V, coin cell (counter electrode not stated for it), room temperature (no number), electrolyte 1 M LiPF6 in EC/EMC 3:7 (LP57), no VC. Does the paper establish whether the value is a charge capacity or a discharge capacity?",not_reported,NO,
A12,v5-3A,False,"Measurement: 213 mAh/g, material NMC811, modification: none (uncoated), rate 0.1C, discharge (reversible), window 2.5–4.3 V, half cell, Li foil, 25.2 °C, electrolyte 1 M LiPF6 in EC:EMC (30:70 wt) + 2 wt% VC. Does the paper establish which cycle the value comes from?",not_reported,NO,
A13,v6-B3-04,True,"Measurement: 104.81 mAh/g, material NMC811, modification: none (0 wt% rGO control), rate 3C, window 2.5–4.5 V, half cell, Li metal, ambient temperature (no number), electrolyte 1 M LiPF6 in EC/EMC 3:7 (v/v). Does the paper establish whether the value is a charge capacity or a discharge capacity?",stated,YES,Table 1. Optimization study for selecting the percentage of reduced graphene oxide (rGO) additive for rGO/NMC811 batteries to operate in a high-voltage window of 2.5–4.5 V. [...] Discharge Capacity (mAh g−1)
A14,v6-B2-10,False,"Measurement: 122 mAh/g, material NMC811 (commercial), modification: none named (commercial NMC811), rate 0.1C, cycle 1 (initial), discharge, window 1.5–4.5 V, full cell, TPEHBZ-ThBS CMP organic anode. Does the paper establish the electrolyte used in this cell?",not_reported,NO,
A15,v6-B3-10,False,"Measurement: 172 mAh/g, material LWO-NMC811, modification: LixWyOz (LWO) coating, rate 5C (discharge; charge at 0.2C), discharge, window 3.0–4.6 V, half cell, Li metal, electrolyte 1 M LiPF6 in EC:DMC 1:1 (v/v) | 170 mAh/g, material bare NMC811, modification: none, rate 5C (discharge; charge at 0.2C), discharge, window 3.0–4.6 V, half cell, Li metal, electrolyte 1 M LiPF6 in EC:DMC 1:1 (v/v). Does the paper establish the test temperature for this value?",not_reported,NO,
A16,v6-B3-11,False,"Measurement: 114.5 (lower end of a range) mAh/g, material NCM811, rate 0.1C, discharge (reversible), window 2.0–4.3 V, all-solid-state full cell, Si/a-Sn/CoSi2/G/C anode, electrolyte Li6PS5Cl (LPSC) sulfide solid electrolyte | 168.8 (upper end of a range) mAh/g, material NCM811, rate 0.1C, discharge (reversible), window 2.0–4.3 V, all-solid-state full cell, Si/a-Sn/CoSi2/G/C anode, electrolyte Li6PS5Cl (LPSC) sulfide solid electrolyte. Does the paper establish the test temperature for this value?",not_reported,NO,
A17,v5-2C,True,"Measurement: 180 mAh/g, material NMC811, cycle 57, discharge, window 3.0–4.3 V, half cell, Li metal, electrolyte 1.0 M LiPF6 in EC:DEC 1:2 (v/v). Does the paper establish the test temperature for this value and the C-rate for this value?",stated_elsewhere,YES,"The cells were tested at C/20 for 2 cycles and then cycled at C/5 at a constant temperature of 30°C. [...] After 57 cycles, measured capacities were 149, 166, 180, and 146 mAh/g with corresponding capacity retentions of 99%, 98%, 95% and 74% (comparing to the second discharge at C/5), respectively."
A18,v6-B4-01,False,"Measurement: 204 mAh/g, material single-crystal NCM811 (SCNCM), modification: none, rate 0.1C, cycle 1, discharge, window 2.8–4.3 V, full cell, graphite, 25 °C. Does the paper establish the electrolyte used in this cell?",not_reported,YES,"The electrolyte was obtained from Capchem Ltd., Co. China, and is prepared by dissolving 1 mol L−1 LiPF6 in a ternary solvent of ethylene carbonate (EC), ethyl methyl carbonate (EMC), and dimethyl carbonate (DMC) at a weight ratio of 1:1:1."
