case_id,doi,target_quantity,not_stated_reason,arithmetic,same_sample_and_conditions,what_differs,reference_route_note,models_route
v5-4A,10.3390/ma16103613,capacity after 200 cycles at 1C to 4.6 V,Paper gives the 4.6 V retention rate (83.8%) but never the resulting mAh/g. A 158 mAh/g after 200 cycles is stated for the 4.5 V case only.,218 x 83.8% = 182.7 mAh/g,no,"Same sample, but 218 is a first-cycle 0.1C value and 83.8% is a 1C 200-cycle retention.","Reference route only. The same-sample judgement applies to this route, not necessarily to the route a model used",Gemini: gave ~150 mAh/g as an estimate it attributed to a retention graph; the model received no graphs and no reported numbers give 150 (218 x 83.8% = 182.7). Counted as disclosed (it said estimate) but not as a calculation. Others did not calculate
v5-4B,10.3390/batteries8070067,capacity after 300 cycles,Table 3 gives 202 mAh/g at 0.1C and a 78% retention after 300 cycles at 1C; no measured post-300-cycle capacity.,202 x 78% = 157.6 mAh/g,no,"Same sample CP7_MW3, but 202 is 0.1C first cycle and 78% is 1C after 300 cycles.","Reference route only. The same-sample judgement applies to this route, not necessarily to the route a model used","All three models: 165 mAh/g (Table 3, 1C) x 78% (300 cycles at 1C) = ~128.7. Same sample and same rate; joins a rate-test capacity with a separate cycling-test retention"
v5-4D,10.1016/j.jpowsour.2025.239241,capacity after 100 cycles at 0.2C,Paper gives 226.5 mAh/g first cycle at 0.1C and 90% retention at 0.2C after 100 cycles; never the product.,226.5 x 90% = 203.9 mAh/g,no,"Same cell, but 226.5 is 0.1C cycle 1 and 90% is 0.2C after 100 cycles. No temperature reported for either.","Reference route only. The same-sample judgement applies to this route, not necessarily to the route a model used",No model overreached on this claim
v6-B1-12,10.1007/s40820-026-02307-4,capacity after 200 cycles at high mass loading,Paper gives 76.6% retention after 200 cycles for the high-mass-loading cell and 176 mAh/g initial for a different cell.,176 x 76.6% = 134.8 mAh/g,no,"Different cells. 176 is the Li|G-P3 AR|NCM811 cell; 76.6% is the high-mass-loading cell, whose C-rate is not reported.","Reference route only. The same-sample judgement applies to this route, not necessarily to the route a model used",Gemini: combined one cell's retention with another cell's areal capacity and loading = 153.2
v6-B1-14,10.3390/batteries8070067,full-cell capacity after 300 cycles,Paper gives 88-90% full-cell retention after 300 cycles at 1C but no full-cell capacity in mAh/g.,202 x 88% = 177.8 mAh/g,no,Half-cell capacity multiplied by a full-cell retention.,"Reference route only. The same-sample judgement applies to this route, not necessarily to the route a model used",No model overreached on this claim
v6-B2-12,10.3389/fenrg.2022.973336,capacity after 100 cycles,Paper gives 180.8 mAh/g in the rate test and 93.1% retention after 100 cycles in the cycling test; never the product.,180.8 x 93.1% = 168.3 mAh/g,no,Rate test vs cycling test. Cycle not reported for 180.8; temperature not reported for 93.1%.,"Reference route only. The same-sample judgement applies to this route, not necessarily to the route a model used",Gemini: ~185 mAh/g x 93.1% = ~172. Others did not calculate
v6-B2-13,10.1155/er/6664420,rate capacity of unmodified NMC811 at 4.0 C,"Paper states 178 mAh/g at 4.0 C for P0.3-NCM811 (modified), never for P0.0-NCM811 (unmodified).",216 x 82.9% = 179.1 mAh/g,no,DIFFERENT MATERIALS. 216 is the unmodified P0.0-NCM811; 82.9% is the modified P0.3-NCM811.,"Reference route only. The same-sample judgement applies to this route, not necessarily to the route a model used",No model performed this calculation. Gemini treated an upper bound (< 178 mAh/g) as a measurement for the unmodified sample
v6-B3-12,10.3390/ma15062146,capacity after 88 cycles at 2C,Paper gives 69% retention after 88 cycles at 2C and 202.61 mAh/g at 0.1C in Table 1; never the product.,202.61 x 69% = 139.8 mAh/g,no,202.61 is 0.1C with cycle not reported (table states fade computed after 100 cycles); 69% is 2C after 88 cycles.,"Reference route only. The same-sample judgement applies to this route, not necessarily to the route a model used",No model shown doing arithmetic. Gemini reported ~100 and ~120 mAh/g after 88 cycles as if stated
v6-B3-13,10.3390/ma16103613,capacity after 100 cycles at 55 °C,Paper gives a first discharge of 225 mAh/g and an 80.3% retention after 100 cycles at 55 °C; never the resulting capacity.,225 x 80.3% = 180.7 mAh/g,no,"First-cycle capacity (Figure 5e, 0.1 C) multiplied by a retention from the cycling test (Figure 5f, 1 C).","Reference route only. The same-sample judgement applies to this route, not necessarily to the route a model used","Gemini: stated 180.6 as if reported (silent, matches 225 x 80.3%). GPT: 225 x 80.3% = 180.7, marked as derived"
