pile,run,paper_label,doi
pile_A,v5,PAPER 01,10.1007/s40820-026-02258-w
pile_A,v5,PAPER 02,10.1149/2.1011507jes
pile_A,v5,PAPER 03,10.1039/d5ma00654f
pile_A,v5,PAPER 04,10.3390/ma15062146
pile_A,v5,PAPER 05,10.1155/er/8863976
pile_A,v5,PAPER 06,10.1016/j.jpowsour.2025.239241
pile_A,v5,PAPER 07,10.3390/batteries9080423
pile_A,v5,PAPER 08,10.1021/acs.jpcc.5c00275
pile_A,v5,PAPER 09,10.1039/d3ra04145j
pile_A,v5,PAPER 10,10.1002/adma.202419694
pile_A,v5,PAPER 11,10.3390/ma16103613
pile_A,v5,PAPER 12,10.3390/mi15070894
pile_A,v5,PAPER 13,10.1007/s40820-026-02307-4
pile_A,v5,PAPER 14,10.1155/er/6664420
pile_A,v5,PAPER 15,10.1016/j.jpowsour.2025.237184
pile_A,v5,PAPER 16,10.20517/energymater.2023.59
pile_A,v5,PAPER 17,10.3390/batteries9120576
pile_A,v5,PAPER 18,10.3390/batteries8070067
pile_A,v5,PAPER 19,10.1016/j.jpowsour.2025.239058
pile_A,v5,PAPER 20,10.1038/s41467-023-36853-x
pile_B,v6,PAPER 01,10.1007/s40820-026-02307-4
pile_B,v6,PAPER 02,10.3390/nano15030156
pile_B,v6,PAPER 06,10.1149/2.1011507jes
pile_B,v6,PAPER 07,10.1002/advs.76317
pile_B,v6,PAPER 08,10.1155/er/8863976
pile_B,v6,PAPER 09,10.3390/ma15062146
pile_B,v6,PAPER 11,10.3390/mi15070894
pile_B,v6,PAPER 12,10.1007/s40820-026-02258-w
pile_B,v6,PAPER 14,10.1002/sstr.202300247
pile_B,v6,PAPER 17,10.1039/d5ma00654f
pile_B,v6,PAPER 20,10.3389/fenrg.2022.973336
pile_B,v6,PAPER 21,10.1016/j.mtener.2025.101862
pile_B,v6,PAPER 22,10.1038/s41467-023-36853-x
pile_B,v6,PAPER 23,10.1155/er/6664420
pile_B,v6,PAPER 24,10.20517/energymater.2023.59
pile_B,v6,PAPER 25,10.3390/batteries8070067
pile_B,v6,PAPER 26,10.1016/j.jpowsour.2025.239058
pile_B,v6,PAPER 27,10.1039/d3ra04145j
pile_B,v6,PAPER 28,10.1002/cey2.70076
pile_B,v6,PAPER 30,10.3390/ma16103613
