record_id,crosslab_nmc_id
nmc-0001,crosslab-nmc-v2-0001
nmc-0002,crosslab-nmc-v2-0002
nmc-0003,crosslab-nmc-v2-0003
nmc-0004,crosslab-nmc-v2-0004
nmc-0005,crosslab-nmc-v2-0005
nmc-0006,crosslab-nmc-v2-0006
nmc-0007,crosslab-nmc-v2-0007
nmc-0008,crosslab-nmc-v2-0008
nmc-0009,crosslab-nmc-v2-0009
nmc-0010,crosslab-nmc-v2-0010
nmc-0011,crosslab-nmc-v2-0011
nmc-0012,crosslab-nmc-v2-0012
nmc-0013,crosslab-nmc-v2-0013
nmc-0014,crosslab-nmc-v2-0014
nmc-0015,crosslab-nmc-v2-0015
nmc-0016,crosslab-nmc-v2-0016
nmc-0017,crosslab-nmc-v2-0017
nmc-0018,crosslab-nmc-v2-0018
nmc-0019,crosslab-nmc-v2-0019
nmc-0020,crosslab-nmc-v2-0020
nmc-0021,crosslab-nmc-v2-0021
nmc-0022,crosslab-nmc-v2-0022
nmc-0023,crosslab-nmc-v2-0023
nmc-0024,crosslab-nmc-v2-0024
nmc-0025,crosslab-nmc-v2-0025
nmc-0026,crosslab-nmc-v2-0026
nmc-0027,crosslab-nmc-v2-0027
nmc-0028,crosslab-nmc-v2-0028
nmc-0029,crosslab-nmc-v2-0029
nmc-0030,crosslab-nmc-v2-0030
nmc-0031,crosslab-nmc-v2-0031
nmc-0032,crosslab-nmc-v2-0032
nmc-0033,crosslab-nmc-v2-0033
nmc-0034,crosslab-nmc-v2-0034
nmc-0035,crosslab-nmc-v2-0035
nmc-0036,crosslab-nmc-v2-0036
nmc-0037,crosslab-nmc-v2-0037
nmc-0038,crosslab-nmc-v2-0038
nmc-0039,crosslab-nmc-v2-0039
nmc-0040,crosslab-nmc-v2-0040
nmc-0041,crosslab-nmc-v2-0041
nmc-0042,crosslab-nmc-v2-0042
nmc-0043,crosslab-nmc-v2-0043
nmc-0044,crosslab-nmc-v2-0044
nmc-0045,crosslab-nmc-v2-0045
nmc-0046,crosslab-nmc-v2-0046
nmc-0047,crosslab-nmc-v2-0047
nmc-0048,crosslab-nmc-v2-0048
nmc-0049,crosslab-nmc-v2-0049
nmc-0050,crosslab-nmc-v2-0050
nmc-0051,crosslab-nmc-v2-0051
nmc-0052,crosslab-nmc-v2-0052
nmc-0053,crosslab-nmc-v2-0053
nmc-0054,crosslab-nmc-v2-0054
nmc-0055,crosslab-nmc-v2-0055
nmc-0056,crosslab-nmc-v2-0056
nmc-0057,crosslab-nmc-v2-0057
nmc-0058,crosslab-nmc-v2-0058
nmc-0059,crosslab-nmc-v2-0059
nmc-0060,crosslab-nmc-v2-0060
nmc-0061,crosslab-nmc-v2-0062
nmc-0062,crosslab-nmc-v2-0063
nmc-0063,crosslab-nmc-v2-0064
nmc-0064,crosslab-nmc-v2-0065
nmc-0065,crosslab-nmc-v2-0066
nmc-0066,crosslab-nmc-v2-0067
nmc-0067,crosslab-nmc-v2-0068
nmc-0068,crosslab-nmc-v2-0069
nmc-0069,crosslab-nmc-v2-0070
nmc-0070,crosslab-nmc-v2-0071
nmc-0071,crosslab-nmc-v2-0072
nmc-0072,crosslab-nmc-v2-0073
nmc-0073,crosslab-nmc-v2-0074
nmc-0074,crosslab-nmc-v2-0075
nmc-0075,crosslab-nmc-v2-0076
nmc-0076,crosslab-nmc-v2-0077
nmc-0077,crosslab-nmc-v2-0078
nmc-0078,crosslab-nmc-v2-0079
nmc-0079,crosslab-nmc-v2-0080
nmc-0080,crosslab-nmc-v2-0081
nmc-0081,crosslab-nmc-v2-0082
nmc-0082,crosslab-nmc-v2-0083
nmc-0083,crosslab-nmc-v2-0084
nmc-0084,crosslab-nmc-v2-0085
nmc-0085,crosslab-nmc-v2-0086
nmc-0086,crosslab-nmc-v2-0087
nmc-0087,crosslab-nmc-v2-0090
nmc-0088,crosslab-nmc-v2-0091
nmc-0089,crosslab-nmc-v2-0092
nmc-0090,crosslab-nmc-v2-0095
nmc-0091,crosslab-nmc-v2-0096
nmc-0092,crosslab-nmc-v2-0097
nmc-0093,crosslab-nmc-v2-0098
nmc-0094,crosslab-nmc-v2-0099
nmc-0095,crosslab-nmc-v2-0100
nmc-0096,crosslab-nmc-v2-0101
nmc-0097,crosslab-nmc-v2-0102
nmc-0098,crosslab-nmc-v2-0103
nmc-0099,crosslab-nmc-v2-0104
nmc-0100,crosslab-nmc-v2-0105
nmc-0101,crosslab-nmc-v2-0106
nmc-0102,crosslab-nmc-v2-0107
nmc-0103,crosslab-nmc-v2-0108
nmc-0104,crosslab-nmc-v2-0109
nmc-0105,crosslab-nmc-v2-0110
nmc-0106,crosslab-nmc-v2-0111
nmc-0107,crosslab-nmc-v2-0112
nmc-0108,crosslab-nmc-v2-0113
nmc-0109,crosslab-nmc-v2-0114
nmc-0110,crosslab-nmc-v2-0115
nmc-0111,crosslab-nmc-v2-0116
nmc-0112,crosslab-nmc-v2-0117
nmc-0113,crosslab-nmc-v2-0118
nmc-0114,crosslab-nmc-v2-0119
nmc-0115,crosslab-nmc-v2-0120
nmc-0116,crosslab-nmc-v2-0121
nmc-0117,crosslab-nmc-v2-0122
nmc-0118,crosslab-nmc-v2-0123
nmc-0119,crosslab-nmc-v2-0124
nmc-0120,crosslab-nmc-v2-0125
nmc-0121,crosslab-nmc-v2-0126
nmc-0122,crosslab-nmc-v2-0127
nmc-0123,crosslab-nmc-v2-0128
nmc-0124,crosslab-nmc-v2-0129
nmc-0125,crosslab-nmc-v2-0130
nmc-0126,crosslab-nmc-v2-0131
nmc-0127,crosslab-nmc-v2-0132
nmc-0128,crosslab-nmc-v2-0133
nmc-0129,crosslab-nmc-v2-0134
nmc-0130,crosslab-nmc-v2-0135
nmc-0131,crosslab-nmc-v2-0136
nmc-0132,crosslab-nmc-v2-0137
nmc-0133,crosslab-nmc-v2-0138
nmc-0134,crosslab-nmc-v2-0139
nmc-0135,crosslab-nmc-v2-0140
nmc-0136,crosslab-nmc-v2-0141
nmc-0137,crosslab-nmc-v2-0142
nmc-0138,crosslab-nmc-v2-0143
nmc-0139,crosslab-nmc-v2-0144
nmc-0140,crosslab-nmc-v2-0145
nmc-0141,crosslab-nmc-v2-0146
nmc-0142,crosslab-nmc-v2-0147
nmc-0143,crosslab-nmc-v2-0148
nmc-0144,crosslab-nmc-v2-0149
nmc-0145,crosslab-nmc-v2-0150
nmc-0146,crosslab-nmc-v2-0151
nmc-0147,crosslab-nmc-v2-0152
nmc-0148,crosslab-nmc-v2-0153
nmc-0149,crosslab-nmc-v2-0154
nmc-0150,crosslab-nmc-v2-0155
nmc-0151,crosslab-nmc-v2-0156
nmc-0152,crosslab-nmc-v2-0157
nmc-0153,crosslab-nmc-v2-0158
nmc-0154,crosslab-nmc-v2-0159
nmc-0155,crosslab-nmc-v2-0160
nmc-0156,crosslab-nmc-v2-0161
nmc-0157,crosslab-nmc-v2-0162
nmc-0158,crosslab-nmc-v2-0163
nmc-0159,crosslab-nmc-v2-0164
nmc-0160,crosslab-nmc-v2-0165
nmc-0161,crosslab-nmc-v2-0166
nmc-0162,crosslab-nmc-v2-0167
nmc-0163,crosslab-nmc-v2-0168
nmc-0164,crosslab-nmc-v2-0169
nmc-0165,crosslab-nmc-v2-0170
nmc-0166,crosslab-nmc-v2-0171
nmc-0167,crosslab-nmc-v2-0172
nmc-0168,crosslab-nmc-v2-0173
nmc-0169,crosslab-nmc-v2-0174
nmc-0170,crosslab-nmc-v2-0175
nmc-0171,crosslab-nmc-v2-0176
nmc-0172,crosslab-nmc-v2-0177
nmc-0173,crosslab-nmc-v2-0178
nmc-0174,crosslab-nmc-v2-0179
nmc-0175,crosslab-nmc-v2-0180
nmc-0176,crosslab-nmc-v2-0181
nmc-0177,crosslab-nmc-v2-0182
nmc-0178,crosslab-nmc-v2-0183
nmc-0179,crosslab-nmc-v2-0184
nmc-0180,crosslab-nmc-v2-0185
nmc-0181,crosslab-nmc-v2-0186
nmc-0182,crosslab-nmc-v2-0187
nmc-0183,crosslab-nmc-v2-0188
nmc-0184,crosslab-nmc-v2-0189
nmc-0185,crosslab-nmc-v2-0190
nmc-0186,crosslab-nmc-v2-0191
nmc-0187,crosslab-nmc-v2-0192
nmc-0188,crosslab-nmc-v2-0193
nmc-0189,crosslab-nmc-v2-0194
nmc-0190,crosslab-nmc-v2-0195
nmc-0191,crosslab-nmc-v2-0196
nmc-0192,crosslab-nmc-v2-0197
nmc-0193,crosslab-nmc-v2-0198
nmc-0194,crosslab-nmc-v2-0199
nmc-0195,crosslab-nmc-v2-0200
nmc-0196,crosslab-nmc-v2-0201
nmc-0197,crosslab-nmc-v2-0202
nmc-0198,crosslab-nmc-v2-0203
nmc-0199,crosslab-nmc-v2-0204
nmc-0200,crosslab-nmc-v2-0205
nmc-0201,crosslab-nmc-v2-0206
nmc-0202,crosslab-nmc-v2-0207
nmc-0203,crosslab-nmc-v2-0208
nmc-0204,crosslab-nmc-v2-0209
nmc-0205,crosslab-nmc-v2-0210
nmc-0206,crosslab-nmc-v2-0211
nmc-0207,crosslab-nmc-v2-0212
nmc-0208,crosslab-nmc-v2-0213
nmc-0209,crosslab-nmc-v2-0214
nmc-0210,crosslab-nmc-v2-0215
nmc-0211,crosslab-nmc-v2-0216
nmc-0212,crosslab-nmc-v2-0217
nmc-0213,crosslab-nmc-v2-0218
nmc-0214,crosslab-nmc-v2-0219
nmc-0215,crosslab-nmc-v2-0220
nmc-0216,crosslab-nmc-v2-0221
nmc-0217,crosslab-nmc-v2-0222
nmc-0218,crosslab-nmc-v2-0223
nmc-0219,crosslab-nmc-v2-0224
nmc-0220,crosslab-nmc-v2-0225
nmc-0221,crosslab-nmc-v2-0226
nmc-0222,crosslab-nmc-v2-0227
nmc-0223,crosslab-nmc-v2-0228
nmc-0224,crosslab-nmc-v2-0229
nmc-0225,crosslab-nmc-v2-0230
nmc-0226,crosslab-nmc-v2-0231
nmc-0227,crosslab-nmc-v2-0232
nmc-0228,crosslab-nmc-v2-0233
nmc-0229,crosslab-nmc-v2-0234
nmc-0230,crosslab-nmc-v2-0235
nmc-0231,crosslab-nmc-v2-0236
nmc-0232,crosslab-nmc-v2-0237
nmc-0233,crosslab-nmc-v2-0238
nmc-0234,crosslab-nmc-v2-0239
nmc-0235,crosslab-nmc-v2-0240
nmc-0236,crosslab-nmc-v2-0241
nmc-0237,crosslab-nmc-v2-0242
nmc-0238,crosslab-nmc-v2-0243
nmc-0239,crosslab-nmc-v2-0244
nmc-0240,crosslab-nmc-v2-0245
nmc-0241,crosslab-nmc-v2-0246
nmc-0242,crosslab-nmc-v2-0247
nmc-0243,crosslab-nmc-v2-0248
nmc-0244,crosslab-nmc-v2-0249
nmc-0245,crosslab-nmc-v2-0250
nmc-0246,crosslab-nmc-v2-0251
nmc-0247,crosslab-nmc-v2-0252
nmc-0248,crosslab-nmc-v2-0253
nmc-0249,crosslab-nmc-v2-0254
nmc-0250,crosslab-nmc-v2-0255
nmc-0251,crosslab-nmc-v2-0256
nmc-0252,crosslab-nmc-v2-0257
nmc-0253,crosslab-nmc-v2-0258
nmc-0254,crosslab-nmc-v2-0259
nmc-0255,crosslab-nmc-v2-0260
nmc-0256,crosslab-nmc-v2-0261
nmc-0257,crosslab-nmc-v2-0262
nmc-0258,crosslab-nmc-v2-0263
nmc-0259,crosslab-nmc-v2-0264
nmc-0260,crosslab-nmc-v2-0265
nmc-0261,crosslab-nmc-v2-0266
nmc-0262,crosslab-nmc-v2-0267
nmc-0263,crosslab-nmc-v2-0268
nmc-0264,crosslab-nmc-v2-0269
nmc-0265,crosslab-nmc-v2-0270
nmc-0266,crosslab-nmc-v2-0271
nmc-0267,crosslab-nmc-v2-0272
nmc-0268,crosslab-nmc-v2-0273
nmc-0269,crosslab-nmc-v2-0274
nmc-0270,crosslab-nmc-v2-0275
nmc-0271,crosslab-nmc-v2-0276
nmc-0272,crosslab-nmc-v2-0277
nmc-0273,crosslab-nmc-v2-0278
nmc-0274,crosslab-nmc-v2-0279
nmc-0275,crosslab-nmc-v2-0280
nmc-0276,crosslab-nmc-v2-0281
nmc-0277,crosslab-nmc-v2-0282
nmc-0278,crosslab-nmc-v2-0283
nmc-0279,crosslab-nmc-v2-0284
nmc-0280,crosslab-nmc-v2-0285
nmc-0281,crosslab-nmc-v2-0286
nmc-0282,crosslab-nmc-v2-0287
nmc-0283,crosslab-nmc-v2-0288
nmc-0284,crosslab-nmc-v2-0289
nmc-0285,crosslab-nmc-v2-0290
nmc-0286,crosslab-nmc-v2-0291
nmc-0287,crosslab-nmc-v2-0292
nmc-0288,crosslab-nmc-v2-0293
nmc-0289,crosslab-nmc-v2-0294
nmc-0290,crosslab-nmc-v2-0295
nmc-0291,crosslab-nmc-v2-0296
nmc-0292,crosslab-nmc-v2-0297
nmc-0293,crosslab-nmc-v2-0298
nmc-0294,crosslab-nmc-v2-0299
nmc-0295,crosslab-nmc-v2-0300
nmc-0296,crosslab-nmc-v2-0301
nmc-0297,crosslab-nmc-v2-0302
nmc-0298,crosslab-nmc-v2-0303
nmc-0299,crosslab-nmc-v2-0304
nmc-0300,crosslab-nmc-v2-0305
nmc-0301,crosslab-nmc-v2-0306
nmc-0302,crosslab-nmc-v2-0307
nmc-0303,crosslab-nmc-v2-0308
nmc-0304,crosslab-nmc-v2-0309
nmc-0305,crosslab-nmc-v2-0310
nmc-0306,crosslab-nmc-v2-0311
nmc-0307,crosslab-nmc-v2-0312
nmc-0308,crosslab-nmc-v2-0313
nmc-0309,crosslab-nmc-v2-0314
nmc-0310,crosslab-nmc-v2-0315
nmc-0311,crosslab-nmc-v2-0316
nmc-0312,crosslab-nmc-v2-0317
nmc-0313,crosslab-nmc-v2-0318
nmc-0314,crosslab-nmc-v2-0319
nmc-0315,crosslab-nmc-v2-0320
nmc-0316,crosslab-nmc-v2-0321
nmc-0317,crosslab-nmc-v2-0322
nmc-0318,crosslab-nmc-v2-0323
nmc-0319,crosslab-nmc-v2-0324
nmc-0320,crosslab-nmc-v2-0325
nmc-0321,crosslab-nmc-v2-0326
nmc-0322,crosslab-nmc-v2-0327
nmc-0323,crosslab-nmc-v2-0328
nmc-0324,crosslab-nmc-v2-0329
nmc-0325,crosslab-nmc-v2-0330
nmc-0326,crosslab-nmc-v2-0331
nmc-0327,crosslab-nmc-v2-0332
nmc-0328,crosslab-nmc-v2-0333
nmc-0329,crosslab-nmc-v2-0334
nmc-0330,crosslab-nmc-v2-0335
nmc-0331,crosslab-nmc-v2-0336
nmc-0332,crosslab-nmc-v2-0337
nmc-0333,crosslab-nmc-v2-0338
nmc-0334,crosslab-nmc-v2-0339
nmc-0335,crosslab-nmc-v2-0340
nmc-0336,crosslab-nmc-v2-0341
nmc-0337,crosslab-nmc-v2-0342
nmc-0338,crosslab-nmc-v2-0343
nmc-0339,crosslab-nmc-v2-0344
nmc-0340,crosslab-nmc-v2-0345
nmc-0341,crosslab-nmc-v2-0346
nmc-0342,crosslab-nmc-v2-0347
nmc-0343,crosslab-nmc-v2-0348
nmc-0344,crosslab-nmc-v2-0349
nmc-0345,crosslab-nmc-v2-0350
nmc-0346,crosslab-nmc-v2-0351
nmc-0347,crosslab-nmc-v2-0352
nmc-0348,crosslab-nmc-v2-0353
nmc-0349,crosslab-nmc-v2-0354
nmc-0350,crosslab-nmc-v2-0355
nmc-0351,crosslab-nmc-v2-0356
nmc-0352,crosslab-nmc-v2-0357
nmc-0353,crosslab-nmc-v2-0358
nmc-0354,crosslab-nmc-v2-0359
nmc-0355,crosslab-nmc-v2-0360
nmc-0356,crosslab-nmc-v2-0361
nmc-0357,crosslab-nmc-v2-0362
nmc-0358,crosslab-nmc-v2-0364
nmc-0359,crosslab-nmc-v2-0365
nmc-0360,crosslab-nmc-v2-0366
nmc-0361,crosslab-nmc-v2-0372
nmc-0362,crosslab-nmc-v2-0373
nmc-0363,crosslab-nmc-v2-0374
nmc-0364,crosslab-nmc-v2-0375
nmc-0365,crosslab-nmc-v2-0376
nmc-0366,crosslab-nmc-v2-0377
nmc-0367,crosslab-nmc-v2-0378
nmc-0368,crosslab-nmc-v2-0379
nmc-0369,crosslab-nmc-v2-0380
nmc-0370,crosslab-nmc-v2-0381
nmc-0371,crosslab-nmc-v2-0382
nmc-0372,crosslab-nmc-v2-0383
nmc-0373,crosslab-nmc-v2-0384
nmc-0374,crosslab-nmc-v2-0385
nmc-0375,crosslab-nmc-v2-0386
nmc-0376,crosslab-nmc-v2-0387
nmc-0377,crosslab-nmc-v2-0388
nmc-0378,crosslab-nmc-v2-0389
nmc-0379,crosslab-nmc-v2-0390
nmc-0380,crosslab-nmc-v2-0391
nmc-0381,crosslab-nmc-v2-0392
nmc-0382,crosslab-nmc-v2-0393
nmc-0383,crosslab-nmc-v2-0394
nmc-0384,crosslab-nmc-v2-0395
nmc-0385,crosslab-nmc-v2-0396
nmc-0386,crosslab-nmc-v2-0397
nmc-0387,crosslab-nmc-v2-0398
nmc-0388,crosslab-nmc-v2-0399
nmc-0389,crosslab-nmc-v2-0400
nmc-0390,crosslab-nmc-v2-0401
nmc-0391,crosslab-nmc-v2-0402
nmc-0392,crosslab-nmc-v2-0403
nmc-0393,crosslab-nmc-v2-0404
nmc-0394,crosslab-nmc-v2-0405
nmc-0395,crosslab-nmc-v2-0406
nmc-0396,crosslab-nmc-v2-0407
nmc-0397,crosslab-nmc-v2-0408
nmc-0398,crosslab-nmc-v2-0409
nmc-0399,crosslab-nmc-v2-0410
nmc-0400,crosslab-nmc-v2-0411
nmc-0401,crosslab-nmc-v2-0412
nmc-0402,crosslab-nmc-v2-0413
nmc-0403,crosslab-nmc-v2-0414
nmc-0404,crosslab-nmc-v2-0415
nmc-0405,crosslab-nmc-v2-0416
nmc-0406,crosslab-nmc-v2-0417
nmc-0407,crosslab-nmc-v2-0418
nmc-0408,crosslab-nmc-v2-0419
nmc-0409,crosslab-nmc-v2-0420
nmc-0410,crosslab-nmc-v2-0421
nmc-0411,crosslab-nmc-v2-0422
nmc-0412,crosslab-nmc-v2-0423
nmc-0413,crosslab-nmc-v2-0424
nmc-0414,crosslab-nmc-v2-0425
nmc-0415,crosslab-nmc-v2-0426
nmc-0416,crosslab-nmc-v2-0427
nmc-0417,crosslab-nmc-v2-0428
nmc-0418,crosslab-nmc-v2-0429
nmc-0419,crosslab-nmc-v2-0430
nmc-0420,crosslab-nmc-v2-0431
nmc-0421,crosslab-nmc-v2-0432
nmc-0422,crosslab-nmc-v2-0433
nmc-0423,crosslab-nmc-v2-0434
nmc-0424,crosslab-nmc-v2-0435
nmc-0425,crosslab-nmc-v2-0436
nmc-0426,crosslab-nmc-v2-0437
nmc-0427,crosslab-nmc-v2-0438
nmc-0428,crosslab-nmc-v2-0439
nmc-0429,crosslab-nmc-v2-0440
nmc-0430,crosslab-nmc-v2-0441
nmc-0431,crosslab-nmc-v2-0442
nmc-0432,crosslab-nmc-v2-0443
nmc-0433,crosslab-nmc-v2-0444
nmc-0434,crosslab-nmc-v2-0445
nmc-0435,crosslab-nmc-v2-0446
nmc-0436,crosslab-nmc-v2-0447
nmc-0437,crosslab-nmc-v2-0448
nmc-0438,crosslab-nmc-v2-0449
nmc-0439,crosslab-nmc-v2-0450
nmc-0440,crosslab-nmc-v2-0451
nmc-0441,crosslab-nmc-v2-0452
nmc-0442,crosslab-nmc-v2-0457
nmc-0443,crosslab-nmc-v2-0458
nmc-0444,crosslab-nmc-v2-0459
nmc-0445,crosslab-nmc-v2-0460
nmc-0446,crosslab-nmc-v2-0461
nmc-0447,crosslab-nmc-v2-0462
nmc-0448,crosslab-nmc-v2-0463
nmc-0449,crosslab-nmc-v2-0464
nmc-0450,crosslab-nmc-v2-0465
nmc-0451,crosslab-nmc-v2-0466
nmc-0452,crosslab-nmc-v2-0467
nmc-0453,crosslab-nmc-v2-0468
nmc-0454,crosslab-nmc-v2-0469
nmc-0455,crosslab-nmc-v2-0470
nmc-0456,crosslab-nmc-v2-0471
nmc-0457,crosslab-nmc-v2-0472
nmc-0458,crosslab-nmc-v2-0473
nmc-0459,crosslab-nmc-v2-0474
nmc-0460,crosslab-nmc-v2-0475
nmc-0461,crosslab-nmc-v2-0476
nmc-0462,crosslab-nmc-v2-0477
nmc-0463,crosslab-nmc-v2-0478
nmc-0464,crosslab-nmc-v2-0479
nmc-0465,crosslab-nmc-v2-0480
nmc-0466,crosslab-nmc-v2-0481
nmc-0467,crosslab-nmc-v2-0482
nmc-0468,crosslab-nmc-v2-0483
nmc-0469,crosslab-nmc-v2-0484
nmc-0470,crosslab-nmc-v2-0485
nmc-0471,crosslab-nmc-v2-0486
nmc-0472,crosslab-nmc-v2-0487
nmc-0473,crosslab-nmc-v2-0488
nmc-0474,crosslab-nmc-v2-0489
nmc-0475,crosslab-nmc-v2-0490
nmc-0476,crosslab-nmc-v2-0491
nmc-0477,crosslab-nmc-v2-0492
nmc-0478,crosslab-nmc-v2-0493
nmc-0479,crosslab-nmc-v2-0494
nmc-0480,crosslab-nmc-v2-0495
nmc-0481,crosslab-nmc-v2-0496
nmc-0482,crosslab-nmc-v2-0497
nmc-0483,crosslab-nmc-v2-0498
nmc-0484,crosslab-nmc-v2-0499
nmc-0485,crosslab-nmc-v2-0500
nmc-0486,crosslab-nmc-v2-0501
nmc-0487,crosslab-nmc-v2-0502
nmc-0488,crosslab-nmc-v2-0503
nmc-0489,crosslab-nmc-v2-0504
nmc-0490,crosslab-nmc-v2-0505
nmc-0491,crosslab-nmc-v2-0506
nmc-0492,crosslab-nmc-v2-0507
nmc-0493,crosslab-nmc-v2-0508
nmc-0494,crosslab-nmc-v2-0509
nmc-0495,crosslab-nmc-v2-0510
nmc-0496,crosslab-nmc-v2-0511
nmc-0497,crosslab-nmc-v2-0512
nmc-0498,crosslab-nmc-v2-0513
nmc-0499,crosslab-nmc-v2-0514
nmc-0500,crosslab-nmc-v2-0515
nmc-0501,crosslab-nmc-v2-0516
nmc-0502,crosslab-nmc-v2-0517
nmc-0503,crosslab-nmc-v2-0518
nmc-0504,crosslab-nmc-v2-0520
nmc-0505,crosslab-nmc-v2-0521
nmc-0506,crosslab-nmc-v2-0522
nmc-0507,crosslab-nmc-v2-0523
nmc-0508,crosslab-nmc-v2-0524
nmc-0509,crosslab-nmc-v2-0525
nmc-0510,crosslab-nmc-v2-0526
nmc-0511,crosslab-nmc-v2-0527
nmc-0512,crosslab-nmc-v2-0528
nmc-0513,crosslab-nmc-v2-0529
nmc-0514,crosslab-nmc-v2-0530
nmc-0515,crosslab-nmc-v2-0531
nmc-0516,crosslab-nmc-v2-0532
nmc-0517,crosslab-nmc-v2-0533
nmc-0518,crosslab-nmc-v2-0534
nmc-0519,crosslab-nmc-v2-0535
nmc-0520,crosslab-nmc-v2-0536
nmc-0521,crosslab-nmc-v2-0537
nmc-0522,crosslab-nmc-v2-0538
nmc-0523,crosslab-nmc-v2-0539
nmc-0524,crosslab-nmc-v2-0540
nmc-0525,crosslab-nmc-v2-0541
nmc-0526,crosslab-nmc-v2-0542
nmc-0527,crosslab-nmc-v2-0543
nmc-0528,crosslab-nmc-v2-0544
nmc-0529,crosslab-nmc-v2-0545
nmc-0530,crosslab-nmc-v2-0546
nmc-0531,crosslab-nmc-v2-0547
nmc-0532,crosslab-nmc-v2-0548
nmc-0533,crosslab-nmc-v2-0549
nmc-0534,crosslab-nmc-v2-0550
nmc-0535,crosslab-nmc-v2-0551
nmc-0536,crosslab-nmc-v2-0552
nmc-0537,crosslab-nmc-v2-0553
nmc-0538,crosslab-nmc-v2-0554
nmc-0539,crosslab-nmc-v2-0555
nmc-0540,crosslab-nmc-v2-0556
nmc-0541,crosslab-nmc-v2-0557
nmc-0542,crosslab-nmc-v2-0558
nmc-0543,crosslab-nmc-v2-0559
nmc-0544,crosslab-nmc-v2-0560
nmc-0545,crosslab-nmc-v2-0561
nmc-0546,crosslab-nmc-v2-0562
nmc-0547,crosslab-nmc-v2-0563
nmc-0548,crosslab-nmc-v2-0564
nmc-0549,crosslab-nmc-v2-0565
nmc-0550,crosslab-nmc-v2-0566
nmc-0551,crosslab-nmc-v2-0567
nmc-0552,crosslab-nmc-v2-0568
nmc-0553,crosslab-nmc-v2-0569
nmc-0554,crosslab-nmc-v2-0570
nmc-0555,crosslab-nmc-v2-0571
nmc-0556,crosslab-nmc-v2-0572
nmc-0557,crosslab-nmc-v2-0573
nmc-0558,crosslab-nmc-v2-0574
nmc-0559,crosslab-nmc-v2-0575
nmc-0560,crosslab-nmc-v2-0576
nmc-0561,crosslab-nmc-v2-0577
nmc-0562,crosslab-nmc-v2-0578
nmc-0563,crosslab-nmc-v2-0579
nmc-0564,crosslab-nmc-v2-0580
nmc-0565,crosslab-nmc-v2-0581
nmc-0566,crosslab-nmc-v2-0582
nmc-0567,crosslab-nmc-v2-0583
nmc-0568,crosslab-nmc-v2-0584
nmc-0569,crosslab-nmc-v2-0585
nmc-0570,crosslab-nmc-v2-0586
nmc-0571,crosslab-nmc-v2-0587
nmc-0572,crosslab-nmc-v2-0588
nmc-0573,crosslab-nmc-v2-0589
nmc-0574,crosslab-nmc-v2-0590
nmc-0575,crosslab-nmc-v2-0591
nmc-0576,crosslab-nmc-v2-0592
nmc-0577,crosslab-nmc-v2-0593
nmc-0578,crosslab-nmc-v2-0594
nmc-0579,crosslab-nmc-v2-0595
nmc-0580,crosslab-nmc-v2-0596
nmc-0581,crosslab-nmc-v2-0597
nmc-0582,crosslab-nmc-v2-0598
nmc-0583,crosslab-nmc-v2-0599
nmc-0584,crosslab-nmc-v2-0600
nmc-0585,crosslab-nmc-v2-0601
nmc-0586,crosslab-nmc-v2-0602
nmc-0587,crosslab-nmc-v2-0603
nmc-0588,crosslab-nmc-v2-0604
nmc-0589,crosslab-nmc-v2-0605
nmc-0590,crosslab-nmc-v2-0606
nmc-0591,crosslab-nmc-v2-0607
nmc-0592,crosslab-nmc-v2-0608
nmc-0593,crosslab-nmc-v2-0609
nmc-0594,crosslab-nmc-v2-0610
nmc-0595,crosslab-nmc-v2-0611
nmc-0596,crosslab-nmc-v2-0612
nmc-0597,crosslab-nmc-v2-0613
nmc-0598,crosslab-nmc-v2-0614
nmc-0599,crosslab-nmc-v2-0615
nmc-0600,crosslab-nmc-v2-0616
nmc-0601,crosslab-nmc-v2-0617
nmc-0602,crosslab-nmc-v2-0618
nmc-0603,crosslab-nmc-v2-0619
nmc-0604,crosslab-nmc-v2-0620
nmc-0605,crosslab-nmc-v2-0621
nmc-0606,crosslab-nmc-v2-0622
nmc-0607,crosslab-nmc-v2-0623
nmc-0608,crosslab-nmc-v2-0624
nmc-0609,crosslab-nmc-v2-0625
nmc-0610,crosslab-nmc-v2-0626
nmc-0611,crosslab-nmc-v2-0627
nmc-0612,crosslab-nmc-v2-0628
nmc-0613,crosslab-nmc-v2-0629
nmc-0614,crosslab-nmc-v2-0630
nmc-0615,crosslab-nmc-v2-0631
nmc-0616,crosslab-nmc-v2-0632
nmc-0617,crosslab-nmc-v2-0633
nmc-0618,crosslab-nmc-v2-0634
nmc-0619,crosslab-nmc-v2-0635
nmc-0620,crosslab-nmc-v2-0639
nmc-0621,crosslab-nmc-v2-0640
nmc-0622,crosslab-nmc-v2-0641
nmc-0623,crosslab-nmc-v2-0642
nmc-0624,crosslab-nmc-v2-0643
nmc-0625,crosslab-nmc-v2-0644
nmc-0626,crosslab-nmc-v2-0645
nmc-0627,crosslab-nmc-v2-0646
nmc-0628,crosslab-nmc-v2-0647
nmc-0629,crosslab-nmc-v2-0648
nmc-0630,crosslab-nmc-v2-0649
nmc-0631,crosslab-nmc-v2-0650
nmc-0632,crosslab-nmc-v2-0651
nmc-0633,crosslab-nmc-v2-0652
nmc-0634,crosslab-nmc-v2-0653
nmc-0635,crosslab-nmc-v2-0654
nmc-0636,crosslab-nmc-v2-0655
nmc-0637,crosslab-nmc-v2-0656
nmc-0638,crosslab-nmc-v2-0657
nmc-0639,crosslab-nmc-v2-0658
nmc-0640,crosslab-nmc-v2-0659
nmc-0641,crosslab-nmc-v2-0660
nmc-0642,crosslab-nmc-v2-0661
nmc-0643,crosslab-nmc-v2-0662
nmc-0644,crosslab-nmc-v2-0663
nmc-0645,crosslab-nmc-v2-0664
nmc-0646,crosslab-nmc-v2-0665
nmc-0647,crosslab-nmc-v2-0666
nmc-0648,crosslab-nmc-v2-0667
nmc-0649,crosslab-nmc-v2-0668
nmc-0650,crosslab-nmc-v2-0669
nmc-0651,crosslab-nmc-v2-0670
nmc-0652,crosslab-nmc-v2-0671
nmc-0653,crosslab-nmc-v2-0672
nmc-0654,crosslab-nmc-v2-0673
nmc-0655,crosslab-nmc-v2-0674
nmc-0656,crosslab-nmc-v2-0675
nmc-0657,crosslab-nmc-v2-0676
nmc-0658,crosslab-nmc-v2-0677
nmc-0659,crosslab-nmc-v2-0678
nmc-0660,crosslab-nmc-v2-0679
nmc-0661,crosslab-nmc-v2-0680
nmc-0662,crosslab-nmc-v2-0681
nmc-0663,crosslab-nmc-v2-0682
nmc-0664,crosslab-nmc-v2-0683
nmc-0665,crosslab-nmc-v2-0684
nmc-0666,crosslab-nmc-v2-0685
nmc-0667,crosslab-nmc-v2-0686
nmc-0668,crosslab-nmc-v2-0687
nmc-0669,crosslab-nmc-v2-0688
nmc-0670,crosslab-nmc-v2-0689
nmc-0671,crosslab-nmc-v2-0690
nmc-0672,crosslab-nmc-v2-0691
nmc-0673,crosslab-nmc-v2-0692
nmc-0674,crosslab-nmc-v2-0693
nmc-0675,crosslab-nmc-v2-0694
nmc-0676,crosslab-nmc-v2-0695
nmc-0677,crosslab-nmc-v2-0696
nmc-0678,crosslab-nmc-v2-0697
nmc-0679,crosslab-nmc-v2-0698
nmc-0680,crosslab-nmc-v2-0699
nmc-0681,crosslab-nmc-v2-0700
nmc-0682,crosslab-nmc-v2-0701
nmc-0683,crosslab-nmc-v2-0703
nmc-0684,crosslab-nmc-v2-0704
nmc-0685,crosslab-nmc-v2-0705
nmc-0686,crosslab-nmc-v2-0706
nmc-0687,crosslab-nmc-v2-0707
nmc-0688,crosslab-nmc-v2-0708
nmc-0689,crosslab-nmc-v2-0709
nmc-0690,crosslab-nmc-v2-0710
nmc-0691,crosslab-nmc-v2-0711
nmc-0692,crosslab-nmc-v2-0712
nmc-0693,crosslab-nmc-v2-0713
nmc-0694,crosslab-nmc-v2-0714
nmc-0695,crosslab-nmc-v2-0715
nmc-0696,crosslab-nmc-v2-0716
nmc-0697,crosslab-nmc-v2-0717
nmc-0698,crosslab-nmc-v2-0718
nmc-0699,crosslab-nmc-v2-0719
nmc-0700,crosslab-nmc-v2-0720
nmc-0701,crosslab-nmc-v2-0721
nmc-0702,crosslab-nmc-v2-0722
nmc-0703,crosslab-nmc-v2-0723
nmc-0704,crosslab-nmc-v2-0724
nmc-0705,crosslab-nmc-v2-0725
nmc-0706,crosslab-nmc-v2-0726
nmc-0707,crosslab-nmc-v2-0727
nmc-0708,crosslab-nmc-v2-0728
nmc-0709,crosslab-nmc-v2-0729
nmc-0710,crosslab-nmc-v2-0730
nmc-0711,crosslab-nmc-v2-0731
nmc-0712,crosslab-nmc-v2-0732
nmc-0713,crosslab-nmc-v2-0733
nmc-0714,crosslab-nmc-v2-0734
nmc-0715,crosslab-nmc-v2-0735
nmc-0716,crosslab-nmc-v2-0736
nmc-0717,crosslab-nmc-v2-0737
nmc-0718,crosslab-nmc-v2-0738
nmc-0719,crosslab-nmc-v2-0739
nmc-0720,crosslab-nmc-v2-0740
nmc-0721,crosslab-nmc-v2-0741
nmc-0722,crosslab-nmc-v2-0742
nmc-0723,crosslab-nmc-v2-0743
nmc-0724,crosslab-nmc-v2-0745
nmc-0725,crosslab-nmc-v2-0746
nmc-0726,crosslab-nmc-v2-0747
nmc-0727,crosslab-nmc-v2-0748
nmc-0728,crosslab-nmc-v2-0749
nmc-0729,crosslab-nmc-v2-0750
nmc-0730,crosslab-nmc-v2-0751
nmc-0731,crosslab-nmc-v2-0752
nmc-0732,crosslab-nmc-v2-0753
nmc-0733,crosslab-nmc-v2-0754
nmc-0734,crosslab-nmc-v2-0755
nmc-0735,crosslab-nmc-v2-0756
nmc-0736,crosslab-nmc-v2-0757
nmc-0737,crosslab-nmc-v2-0758
nmc-0738,crosslab-nmc-v2-0760
nmc-0739,crosslab-nmc-v2-0761
nmc-0740,crosslab-nmc-v2-0762
nmc-0741,crosslab-nmc-v2-0763
nmc-0742,crosslab-nmc-v2-0764
nmc-0743,crosslab-nmc-v2-0765
nmc-0744,crosslab-nmc-v2-0766
nmc-0745,crosslab-nmc-v2-0767
nmc-0746,crosslab-nmc-v2-0768
nmc-0747,crosslab-nmc-v2-0769
nmc-0748,crosslab-nmc-v2-0770
nmc-0749,crosslab-nmc-v2-0771
nmc-0750,crosslab-nmc-v2-0772
nmc-0751,crosslab-nmc-v2-0773
nmc-0752,crosslab-nmc-v2-0774
nmc-0753,crosslab-nmc-v2-0775
nmc-0754,crosslab-nmc-v2-0776
nmc-0755,crosslab-nmc-v2-0777
nmc-0756,crosslab-nmc-v2-0778
nmc-0757,crosslab-nmc-v2-0779
nmc-0758,crosslab-nmc-v2-0780
nmc-0759,crosslab-nmc-v2-0781
nmc-0760,crosslab-nmc-v2-0782
nmc-0761,crosslab-nmc-v2-0783
nmc-0762,crosslab-nmc-v2-0784
nmc-0763,crosslab-nmc-v2-0785
nmc-0764,crosslab-nmc-v2-0786
nmc-0765,crosslab-nmc-v2-0787
nmc-0766,crosslab-nmc-v2-0788
nmc-0767,crosslab-nmc-v2-0789
nmc-0768,crosslab-nmc-v2-0790
nmc-0769,crosslab-nmc-v2-0791
nmc-0770,crosslab-nmc-v2-0792
nmc-0771,crosslab-nmc-v2-0793
nmc-0772,crosslab-nmc-v2-0794
nmc-0773,crosslab-nmc-v2-0795
nmc-0774,crosslab-nmc-v2-0796
nmc-0775,crosslab-nmc-v2-0797
nmc-0776,crosslab-nmc-v2-0798
nmc-0777,crosslab-nmc-v2-0799
nmc-0778,crosslab-nmc-v2-0800
nmc-0779,crosslab-nmc-v2-0801
nmc-0780,crosslab-nmc-v2-0802
nmc-0781,crosslab-nmc-v2-0803
nmc-0782,crosslab-nmc-v2-0804
nmc-0783,crosslab-nmc-v2-0805
nmc-0784,crosslab-nmc-v2-0806
nmc-0785,crosslab-nmc-v2-0807
nmc-0786,crosslab-nmc-v2-0808
nmc-0787,crosslab-nmc-v2-0809
nmc-0788,crosslab-nmc-v2-0810
nmc-0789,crosslab-nmc-v2-0811
nmc-0790,crosslab-nmc-v2-0812
nmc-0791,crosslab-nmc-v2-0813
nmc-0792,crosslab-nmc-v2-0814
nmc-0793,crosslab-nmc-v2-0815
nmc-0794,crosslab-nmc-v2-0816
nmc-0795,crosslab-nmc-v2-0817
nmc-0796,crosslab-nmc-v2-0818
nmc-0797,crosslab-nmc-v2-0819
nmc-0798,crosslab-nmc-v2-0820
nmc-0799,crosslab-nmc-v2-0821
nmc-0800,crosslab-nmc-v2-0822
nmc-0801,crosslab-nmc-v2-0823
nmc-0802,crosslab-nmc-v2-0824
nmc-0803,crosslab-nmc-v2-0825
nmc-0804,crosslab-nmc-v2-0826
nmc-0805,crosslab-nmc-v2-0827
nmc-0806,crosslab-nmc-v2-0828
nmc-0807,crosslab-nmc-v2-0829
nmc-0808,crosslab-nmc-v2-0830
nmc-0809,crosslab-nmc-v2-0831
nmc-0810,crosslab-nmc-v2-0832
nmc-0811,crosslab-nmc-v2-0833
nmc-0812,crosslab-nmc-v2-0834
nmc-0813,crosslab-nmc-v2-0835
nmc-0814,crosslab-nmc-v2-0836
nmc-0815,crosslab-nmc-v2-0837
nmc-0816,crosslab-nmc-v2-0838
nmc-0817,crosslab-nmc-v2-0839
nmc-0818,crosslab-nmc-v2-0840
nmc-0819,crosslab-nmc-v2-0841
nmc-0820,crosslab-nmc-v2-0842
nmc-0821,crosslab-nmc-v2-0843
nmc-0822,crosslab-nmc-v2-0845
nmc-0823,crosslab-nmc-v2-0846
nmc-0824,crosslab-nmc-v2-0847
nmc-0825,crosslab-nmc-v2-0848
nmc-0826,crosslab-nmc-v2-0849
nmc-0827,crosslab-nmc-v2-0850
nmc-0828,crosslab-nmc-v2-0851
nmc-0829,crosslab-nmc-v2-0852
nmc-0830,crosslab-nmc-v2-0853
nmc-0831,crosslab-nmc-v2-0854
nmc-0832,crosslab-nmc-v2-0855
nmc-0833,crosslab-nmc-v2-0856
nmc-0834,crosslab-nmc-v2-0857
nmc-0835,crosslab-nmc-v2-0858
nmc-0836,crosslab-nmc-v2-0859
nmc-0837,crosslab-nmc-v2-0860
nmc-0838,crosslab-nmc-v2-0861
nmc-0839,crosslab-nmc-v2-0862
nmc-0840,crosslab-nmc-v2-0863
nmc-0841,crosslab-nmc-v2-0864
nmc-0842,crosslab-nmc-v2-0865
nmc-0843,crosslab-nmc-v2-0866
nmc-0844,crosslab-nmc-v2-0867
nmc-0845,crosslab-nmc-v2-0868
nmc-0846,crosslab-nmc-v2-0869
nmc-0847,crosslab-nmc-v2-0870
nmc-0848,crosslab-nmc-v2-0871
nmc-0849,crosslab-nmc-v2-0872
nmc-0850,crosslab-nmc-v2-0873
nmc-0851,crosslab-nmc-v2-0874
nmc-0852,crosslab-nmc-v2-0875
nmc-0853,crosslab-nmc-v2-0876
nmc-0854,crosslab-nmc-v2-0877
nmc-0855,crosslab-nmc-v2-0878
nmc-0856,crosslab-nmc-v2-0879
nmc-0857,crosslab-nmc-v2-0880
nmc-0858,crosslab-nmc-v2-0881
nmc-0859,crosslab-nmc-v2-0882
nmc-0860,crosslab-nmc-v2-0883
nmc-0861,crosslab-nmc-v2-0884
nmc-0862,crosslab-nmc-v2-0885
nmc-0863,crosslab-nmc-v2-0886
nmc-0864,crosslab-nmc-v2-0887
nmc-0865,crosslab-nmc-v2-0888
nmc-0866,crosslab-nmc-v2-0889
nmc-0867,crosslab-nmc-v2-0890
nmc-0868,crosslab-nmc-v2-0891
nmc-0869,crosslab-nmc-v2-0892
nmc-0870,crosslab-nmc-v2-0893
nmc-0871,crosslab-nmc-v2-0894
nmc-0872,crosslab-nmc-v2-0895
nmc-0873,crosslab-nmc-v2-0896
nmc-0874,crosslab-nmc-v2-0897
nmc-0875,crosslab-nmc-v2-0898
nmc-0876,crosslab-nmc-v2-0899
nmc-0877,crosslab-nmc-v2-0900
nmc-0878,crosslab-nmc-v2-0901
nmc-0879,crosslab-nmc-v2-0902
nmc-0880,crosslab-nmc-v2-0903
nmc-0881,crosslab-nmc-v2-0904
nmc-0882,crosslab-nmc-v2-0905
nmc-0883,crosslab-nmc-v2-0906
nmc-0884,crosslab-nmc-v2-0907
nmc-0885,crosslab-nmc-v2-0908
nmc-0886,crosslab-nmc-v2-0909
nmc-0887,crosslab-nmc-v2-0911
nmc-0888,crosslab-nmc-v2-0912
nmc-0889,crosslab-nmc-v2-0913
nmc-0890,crosslab-nmc-v2-0918
nmc-0891,crosslab-nmc-v2-0919
nmc-0892,crosslab-nmc-v2-0920
nmc-0893,crosslab-nmc-v2-0921
nmc-0894,crosslab-nmc-v2-0922
nmc-0895,crosslab-nmc-v2-0923
nmc-0896,crosslab-nmc-v2-0924
nmc-0897,crosslab-nmc-v2-0925
nmc-0898,crosslab-nmc-v2-0926
nmc-0899,crosslab-nmc-v2-0927
nmc-0900,crosslab-nmc-v2-0928
nmc-0901,crosslab-nmc-v2-0929
nmc-0902,crosslab-nmc-v2-0930
nmc-0903,crosslab-nmc-v2-0931
nmc-0904,crosslab-nmc-v2-0932
nmc-0905,crosslab-nmc-v2-0933
nmc-0906,crosslab-nmc-v2-0934
nmc-0907,crosslab-nmc-v2-0935
nmc-0908,crosslab-nmc-v2-0936
nmc-0909,crosslab-nmc-v2-0937
nmc-0910,crosslab-nmc-v2-0938
nmc-0911,crosslab-nmc-v2-0939
nmc-0912,crosslab-nmc-v2-0940
nmc-0913,crosslab-nmc-v2-0941
nmc-0914,crosslab-nmc-v2-0942
nmc-0915,crosslab-nmc-v2-0943
nmc-0916,crosslab-nmc-v2-0944
nmc-0917,crosslab-nmc-v2-0945
nmc-0918,crosslab-nmc-v2-0946
nmc-0919,crosslab-nmc-v2-0947
nmc-0920,crosslab-nmc-v2-0948
nmc-0921,crosslab-nmc-v2-0949
nmc-0922,crosslab-nmc-v2-0950
nmc-0923,crosslab-nmc-v2-0951
nmc-0924,crosslab-nmc-v2-0952
nmc-0925,crosslab-nmc-v2-0953
nmc-0926,crosslab-nmc-v2-0954
nmc-0927,crosslab-nmc-v2-0955
nmc-0928,crosslab-nmc-v2-0956
nmc-0929,crosslab-nmc-v2-0957
nmc-0930,crosslab-nmc-v2-0958
nmc-0931,crosslab-nmc-v2-0959
nmc-0932,crosslab-nmc-v2-0960
nmc-0933,crosslab-nmc-v2-0961
nmc-0934,crosslab-nmc-v2-0962
nmc-0935,crosslab-nmc-v2-0963
nmc-0936,crosslab-nmc-v2-0964
nmc-0937,crosslab-nmc-v2-0965
nmc-0938,crosslab-nmc-v2-0966
nmc-0939,crosslab-nmc-v2-0967
nmc-0940,crosslab-nmc-v2-0968
nmc-0941,crosslab-nmc-v2-0969
nmc-0942,crosslab-nmc-v2-0970
nmc-0943,crosslab-nmc-v2-0971
nmc-0944,crosslab-nmc-v2-0972
nmc-0945,crosslab-nmc-v2-0973
nmc-0946,crosslab-nmc-v2-0974
nmc-0947,crosslab-nmc-v2-0975
nmc-0948,crosslab-nmc-v2-0976
nmc-0949,crosslab-nmc-v2-0977
nmc-0950,crosslab-nmc-v2-0978
nmc-0951,crosslab-nmc-v2-0979
nmc-0952,crosslab-nmc-v2-0980
nmc-0953,crosslab-nmc-v2-0981
nmc-0954,crosslab-nmc-v2-0982
nmc-0955,crosslab-nmc-v2-0983
nmc-0956,crosslab-nmc-v2-0984
nmc-0957,crosslab-nmc-v2-0985
nmc-0958,crosslab-nmc-v2-0986
nmc-0959,crosslab-nmc-v2-0987
nmc-0960,crosslab-nmc-v2-0988
nmc-0961,crosslab-nmc-v2-0989
nmc-0962,crosslab-nmc-v2-0990
nmc-0963,crosslab-nmc-v2-0991
nmc-0964,crosslab-nmc-v2-0992
nmc-0965,crosslab-nmc-v2-0999
nmc-0966,crosslab-nmc-v2-1000
nmc-0967,crosslab-nmc-v2-1001
nmc-0968,crosslab-nmc-v2-1002
nmc-0969,crosslab-nmc-v2-1003
nmc-0970,crosslab-nmc-v2-1004
nmc-0971,crosslab-nmc-v2-1005
nmc-0972,crosslab-nmc-v2-1006
nmc-0973,crosslab-nmc-v2-1007
nmc-0974,crosslab-nmc-v2-1008
nmc-0975,crosslab-nmc-v2-1009
nmc-0976,crosslab-nmc-v2-1010
nmc-0977,crosslab-nmc-v2-1011
nmc-0978,crosslab-nmc-v2-1012
nmc-0979,crosslab-nmc-v2-1013
nmc-0980,crosslab-nmc-v2-1014
nmc-0981,crosslab-nmc-v2-1015
nmc-0982,crosslab-nmc-v2-1016
nmc-0983,crosslab-nmc-v2-1017
nmc-0984,crosslab-nmc-v2-1018
nmc-0985,crosslab-nmc-v2-1019
nmc-0986,crosslab-nmc-v2-1020
nmc-0987,crosslab-nmc-v2-1021
nmc-0988,crosslab-nmc-v2-1022
nmc-0989,crosslab-nmc-v2-1023
nmc-0990,crosslab-nmc-v2-1024
nmc-0991,crosslab-nmc-v2-1025
nmc-0992,crosslab-nmc-v2-1026
nmc-0993,crosslab-nmc-v2-1027
nmc-0994,crosslab-nmc-v2-1028
nmc-0995,crosslab-nmc-v2-1029
nmc-0996,crosslab-nmc-v2-1030
nmc-0997,crosslab-nmc-v2-1031
nmc-0998,crosslab-nmc-v2-1032
nmc-0999,crosslab-nmc-v2-1033
nmc-1000,crosslab-nmc-v2-1034
nmc-1001,crosslab-nmc-v2-1035
nmc-1002,crosslab-nmc-v2-1036
nmc-1003,crosslab-nmc-v2-1037
nmc-1004,crosslab-nmc-v2-1038
nmc-1005,crosslab-nmc-v2-1039
nmc-1006,crosslab-nmc-v2-1040
nmc-1007,crosslab-nmc-v2-1068
nmc-1008,crosslab-nmc-v2-1069
nmc-1009,crosslab-nmc-v2-1070
nmc-1010,crosslab-nmc-v2-1071
nmc-1011,crosslab-nmc-v2-1072
nmc-1012,crosslab-nmc-v2-1073
nmc-1013,crosslab-nmc-v2-1074
nmc-1014,crosslab-nmc-v2-1075
nmc-1015,crosslab-nmc-v2-1076
nmc-1016,crosslab-nmc-v2-1077
nmc-1017,crosslab-nmc-v2-1078
nmc-1018,crosslab-nmc-v2-1079
nmc-1019,crosslab-nmc-v2-1080
nmc-1020,crosslab-nmc-v2-1081
nmc-1021,crosslab-nmc-v2-1082
nmc-1022,crosslab-nmc-v2-1083
nmc-1023,crosslab-nmc-v2-1084
nmc-1024,crosslab-nmc-v2-1085
nmc-1025,crosslab-nmc-v2-1086
nmc-1026,crosslab-nmc-v2-1087
nmc-1027,crosslab-nmc-v2-1088
nmc-1028,crosslab-nmc-v2-1089
nmc-1029,crosslab-nmc-v2-1090
nmc-1030,crosslab-nmc-v2-1091
nmc-1031,crosslab-nmc-v2-1092
nmc-1032,crosslab-nmc-v2-1093
nmc-1033,crosslab-nmc-v2-1094
nmc-1034,crosslab-nmc-v2-1095
nmc-1035,crosslab-nmc-v2-1096
nmc-1036,crosslab-nmc-v2-1097
nmc-1037,crosslab-nmc-v2-1098
nmc-1038,crosslab-nmc-v2-1099
nmc-1039,crosslab-nmc-v2-1100
nmc-1040,crosslab-nmc-v2-1101
nmc-1041,crosslab-nmc-v2-1102
nmc-1042,crosslab-nmc-v2-1103
nmc-1043,crosslab-nmc-v2-1104
nmc-1044,crosslab-nmc-v2-1105
nmc-1045,crosslab-nmc-v2-1106
nmc-1046,crosslab-nmc-v2-1107
nmc-1047,crosslab-nmc-v2-1108
nmc-1048,crosslab-nmc-v2-1109
nmc-1049,crosslab-nmc-v2-1110
nmc-1050,crosslab-nmc-v2-1111
nmc-1051,crosslab-nmc-v2-1112
nmc-1052,crosslab-nmc-v2-1113
nmc-1053,crosslab-nmc-v2-1114
nmc-1054,crosslab-nmc-v2-1115
nmc-1055,crosslab-nmc-v2-1116
nmc-1056,crosslab-nmc-v2-1117
nmc-1057,crosslab-nmc-v2-1118
nmc-1058,crosslab-nmc-v2-1119
nmc-1059,crosslab-nmc-v2-1120
nmc-1060,crosslab-nmc-v2-1121
nmc-1061,crosslab-nmc-v2-1122
nmc-1062,crosslab-nmc-v2-1123
nmc-1063,crosslab-nmc-v2-1124
nmc-1064,crosslab-nmc-v2-1125
nmc-1065,crosslab-nmc-v2-1126
nmc-1066,crosslab-nmc-v2-1127
nmc-1067,crosslab-nmc-v2-1128
nmc-1068,crosslab-nmc-v2-1129
nmc-1069,crosslab-nmc-v2-1130
nmc-1070,crosslab-nmc-v2-1131
nmc-1071,crosslab-nmc-v2-1132
nmc-1072,crosslab-nmc-v2-1133
nmc-1073,crosslab-nmc-v2-1134
nmc-1074,crosslab-nmc-v2-1135
nmc-1075,crosslab-nmc-v2-1136
nmc-1076,crosslab-nmc-v2-1137
nmc-1077,crosslab-nmc-v2-1138
nmc-1078,crosslab-nmc-v2-1139
nmc-1079,crosslab-nmc-v2-1140
nmc-1080,crosslab-nmc-v2-1141
nmc-1081,crosslab-nmc-v2-1142
nmc-1082,crosslab-nmc-v2-1143
nmc-1083,crosslab-nmc-v2-1144
nmc-1084,crosslab-nmc-v2-1145
nmc-1085,crosslab-nmc-v2-1146
nmc-1086,crosslab-nmc-v2-1147
nmc-1087,crosslab-nmc-v2-1148
nmc-1088,crosslab-nmc-v2-1149
nmc-1089,crosslab-nmc-v2-1150
nmc-1090,crosslab-nmc-v2-1151
nmc-1091,crosslab-nmc-v2-1152
nmc-1092,crosslab-nmc-v2-1153
nmc-1093,crosslab-nmc-v2-1154
nmc-1094,crosslab-nmc-v2-1155
nmc-1095,crosslab-nmc-v2-1156
nmc-1096,crosslab-nmc-v2-1157
nmc-1097,crosslab-nmc-v2-1158
nmc-1098,crosslab-nmc-v2-1159
nmc-1099,crosslab-nmc-v2-1160
nmc-1100,crosslab-nmc-v2-1161
nmc-1101,crosslab-nmc-v2-1162
nmc-1102,crosslab-nmc-v2-1163
nmc-1103,crosslab-nmc-v2-1164
nmc-1104,crosslab-nmc-v2-1165
nmc-1105,crosslab-nmc-v2-1166
nmc-1106,crosslab-nmc-v2-1167
nmc-1107,crosslab-nmc-v2-1168
nmc-1108,crosslab-nmc-v2-1169
nmc-1109,crosslab-nmc-v2-1170
nmc-1110,crosslab-nmc-v2-1171
nmc-1111,crosslab-nmc-v2-1172
nmc-1112,crosslab-nmc-v2-1173
nmc-1113,crosslab-nmc-v2-1174
nmc-1114,crosslab-nmc-v2-1175
nmc-1115,crosslab-nmc-v2-1176
nmc-1116,crosslab-nmc-v2-1177
nmc-1117,crosslab-nmc-v2-1178
nmc-1118,crosslab-nmc-v2-1179
nmc-1119,crosslab-nmc-v2-1180
nmc-1120,crosslab-nmc-v2-1181
nmc-1121,crosslab-nmc-v2-1182
nmc-1122,crosslab-nmc-v2-1183
nmc-1123,crosslab-nmc-v2-1184
nmc-1124,crosslab-nmc-v2-1185
nmc-1125,crosslab-nmc-v2-1186
nmc-1126,crosslab-nmc-v2-1187
nmc-1127,crosslab-nmc-v2-1188
nmc-1128,crosslab-nmc-v2-1189
nmc-1129,crosslab-nmc-v2-1190
nmc-1130,crosslab-nmc-v2-1191
nmc-1131,crosslab-nmc-v2-1192
nmc-1132,crosslab-nmc-v2-1193
nmc-1133,crosslab-nmc-v2-1194
nmc-1134,crosslab-nmc-v2-1195
nmc-1135,crosslab-nmc-v2-1196
nmc-1136,crosslab-nmc-v2-1197
nmc-1137,crosslab-nmc-v2-1198
nmc-1138,crosslab-nmc-v2-1199
nmc-1139,crosslab-nmc-v2-1200
nmc-1140,crosslab-nmc-v2-1201
nmc-1141,crosslab-nmc-v2-1202
nmc-1142,crosslab-nmc-v2-1203
nmc-1143,crosslab-nmc-v2-1204
nmc-1144,crosslab-nmc-v2-1205
nmc-1145,crosslab-nmc-v2-1214
nmc-1146,crosslab-nmc-v2-1218
nmc-1147,crosslab-nmc-v2-1219
nmc-1148,crosslab-nmc-v2-1220
nmc-1149,crosslab-nmc-v2-1221
nmc-1150,crosslab-nmc-v2-1222
nmc-1151,crosslab-nmc-v2-1223
nmc-1152,crosslab-nmc-v2-1224
nmc-1153,crosslab-nmc-v2-1225
nmc-1154,crosslab-nmc-v2-1226
nmc-1155,crosslab-nmc-v2-1227
nmc-1156,crosslab-nmc-v2-1228
nmc-1157,crosslab-nmc-v2-1229
nmc-1158,crosslab-nmc-v2-1230
nmc-1159,crosslab-nmc-v2-1231
nmc-1160,crosslab-nmc-v2-1232
nmc-1161,crosslab-nmc-v2-1233
nmc-1162,crosslab-nmc-v2-1234
nmc-1163,crosslab-nmc-v2-1235
nmc-1164,crosslab-nmc-v2-1236
nmc-1165,crosslab-nmc-v2-1237
nmc-1166,crosslab-nmc-v2-1238
nmc-1167,crosslab-nmc-v2-1239
nmc-1168,crosslab-nmc-v2-1240
nmc-1169,crosslab-nmc-v2-1241
nmc-1170,crosslab-nmc-v2-1242
nmc-1171,crosslab-nmc-v2-1243
nmc-1172,crosslab-nmc-v2-1244
nmc-1173,crosslab-nmc-v2-1245
nmc-1174,crosslab-nmc-v2-1246
nmc-1175,crosslab-nmc-v2-1247
nmc-1176,crosslab-nmc-v2-1248
nmc-1177,crosslab-nmc-v2-1249
nmc-1178,crosslab-nmc-v2-1250
nmc-1179,crosslab-nmc-v2-1251
nmc-1180,crosslab-nmc-v2-1252
nmc-1181,crosslab-nmc-v2-1253
nmc-1182,crosslab-nmc-v2-1254
nmc-1183,crosslab-nmc-v2-1255
nmc-1184,crosslab-nmc-v2-1256
nmc-1185,crosslab-nmc-v2-1257
nmc-1186,crosslab-nmc-v2-1258
nmc-1187,crosslab-nmc-v2-1259
nmc-1188,crosslab-nmc-v2-1260
nmc-1189,crosslab-nmc-v2-1261
nmc-1190,crosslab-nmc-v2-1262
nmc-1191,crosslab-nmc-v2-1263
nmc-1192,crosslab-nmc-v2-1264
nmc-1193,crosslab-nmc-v2-1265
nmc-1194,crosslab-nmc-v2-1266
nmc-1195,crosslab-nmc-v2-1267
nmc-1196,crosslab-nmc-v2-1268
nmc-1197,crosslab-nmc-v2-1269
nmc-1198,crosslab-nmc-v2-1270
nmc-1199,crosslab-nmc-v2-1271
nmc-1200,crosslab-nmc-v2-1272
nmc-1201,crosslab-nmc-v2-1273
nmc-1202,crosslab-nmc-v2-1274
nmc-1203,crosslab-nmc-v2-1276
nmc-1204,crosslab-nmc-v2-1277
nmc-1205,crosslab-nmc-v2-1278
nmc-1206,crosslab-nmc-v2-1279
nmc-1207,crosslab-nmc-v2-1280
nmc-1208,crosslab-nmc-v2-1281
nmc-1209,crosslab-nmc-v2-1282
nmc-1210,crosslab-nmc-v2-1283
nmc-1211,crosslab-nmc-v2-1284
nmc-1212,crosslab-nmc-v2-1285
nmc-1213,crosslab-nmc-v2-1286
nmc-1214,crosslab-nmc-v2-1287
nmc-1215,crosslab-nmc-v2-1288
nmc-1216,crosslab-nmc-v2-1289
nmc-1217,crosslab-nmc-v2-1290
nmc-1218,crosslab-nmc-v2-1291
nmc-1219,crosslab-nmc-v2-1292
nmc-1220,crosslab-nmc-v2-1293
nmc-1221,crosslab-nmc-v2-1294
nmc-1222,crosslab-nmc-v2-1295
nmc-1223,crosslab-nmc-v2-1296
nmc-1224,crosslab-nmc-v2-1297
nmc-1225,crosslab-nmc-v2-1298
nmc-1226,crosslab-nmc-v2-1299
nmc-1227,crosslab-nmc-v2-1300
nmc-1228,crosslab-nmc-v2-1301
nmc-1229,crosslab-nmc-v2-1302
nmc-1230,crosslab-nmc-v2-1303
nmc-1231,crosslab-nmc-v2-1304
nmc-1232,crosslab-nmc-v2-1305
nmc-1233,crosslab-nmc-v2-1306
nmc-1234,crosslab-nmc-v2-1307
nmc-1235,crosslab-nmc-v2-1308
nmc-1236,crosslab-nmc-v2-1309
nmc-1237,crosslab-nmc-v2-1310
nmc-1238,crosslab-nmc-v2-1311
nmc-1239,crosslab-nmc-v2-1312
nmc-1240,crosslab-nmc-v2-1313
nmc-1241,crosslab-nmc-v2-1314
nmc-1242,crosslab-nmc-v2-1315
nmc-1243,crosslab-nmc-v2-1316
nmc-1244,crosslab-nmc-v2-1317
nmc-1245,crosslab-nmc-v2-1318
nmc-1246,crosslab-nmc-v2-1319
nmc-1247,crosslab-nmc-v2-1320
nmc-1248,crosslab-nmc-v2-1321
nmc-1249,crosslab-nmc-v2-1322
nmc-1250,crosslab-nmc-v2-1323
nmc-1251,crosslab-nmc-v2-1324
nmc-1252,crosslab-nmc-v2-1325
nmc-1253,crosslab-nmc-v2-1326
nmc-1254,crosslab-nmc-v2-1327
nmc-1255,crosslab-nmc-v2-1328
nmc-1256,crosslab-nmc-v2-1329
nmc-1257,crosslab-nmc-v2-1330
nmc-1258,crosslab-nmc-v2-1331
nmc-1259,crosslab-nmc-v2-1332
nmc-1260,crosslab-nmc-v2-1333
nmc-1261,crosslab-nmc-v2-1334
nmc-1262,crosslab-nmc-v2-1335
nmc-1263,crosslab-nmc-v2-1336
nmc-1264,crosslab-nmc-v2-1337
nmc-1265,crosslab-nmc-v2-1338
nmc-1266,crosslab-nmc-v2-1339
nmc-1267,crosslab-nmc-v2-1340
nmc-1268,crosslab-nmc-v2-1341
nmc-1269,crosslab-nmc-v2-1342
nmc-1270,crosslab-nmc-v2-1343
nmc-1271,crosslab-nmc-v2-1344
nmc-1272,crosslab-nmc-v2-1345
nmc-1273,crosslab-nmc-v2-1346
nmc-1274,crosslab-nmc-v2-1347
nmc-1275,crosslab-nmc-v2-1348
nmc-1276,crosslab-nmc-v2-1349
nmc-1277,crosslab-nmc-v2-1350
nmc-1278,crosslab-nmc-v2-1351
nmc-1279,crosslab-nmc-v2-1352
nmc-1280,crosslab-nmc-v2-1353
nmc-1281,crosslab-nmc-v2-1354
nmc-1282,crosslab-nmc-v2-1355
nmc-1283,crosslab-nmc-v2-1356
nmc-1284,crosslab-nmc-v2-1357
nmc-1285,crosslab-nmc-v2-1358
nmc-1286,crosslab-nmc-v2-1359
nmc-1287,crosslab-nmc-v2-1360
nmc-1288,crosslab-nmc-v2-1361
nmc-1289,crosslab-nmc-v2-1362
nmc-1290,crosslab-nmc-v2-1363
nmc-1291,crosslab-nmc-v2-1364
nmc-1292,crosslab-nmc-v2-1365
nmc-1293,crosslab-nmc-v2-1366
nmc-1294,crosslab-nmc-v2-1367
nmc-1295,crosslab-nmc-v2-1368
nmc-1296,crosslab-nmc-v2-1369
nmc-1297,crosslab-nmc-v2-1370
nmc-1298,crosslab-nmc-v2-1373
nmc-1299,crosslab-nmc-v2-1374
nmc-1300,crosslab-nmc-v2-1375
nmc-1301,crosslab-nmc-v2-1376
nmc-1302,crosslab-nmc-v2-1377
nmc-1303,crosslab-nmc-v2-1378
nmc-1304,crosslab-nmc-v2-1379
nmc-1305,crosslab-nmc-v2-1380
nmc-1306,crosslab-nmc-v2-1381
nmc-1307,crosslab-nmc-v2-1382
nmc-1308,crosslab-nmc-v2-1383
nmc-1309,crosslab-nmc-v2-1384
nmc-1310,crosslab-nmc-v2-1385
nmc-1311,crosslab-nmc-v2-1386
nmc-1312,crosslab-nmc-v2-1387
nmc-1313,crosslab-nmc-v2-1388
nmc-1314,crosslab-nmc-v2-1389
nmc-1315,crosslab-nmc-v2-1390
nmc-1316,crosslab-nmc-v2-1391
nmc-1317,crosslab-nmc-v2-1392
nmc-1318,crosslab-nmc-v2-1393
nmc-1319,crosslab-nmc-v2-1394
nmc-1320,crosslab-nmc-v2-1395
nmc-1321,crosslab-nmc-v2-1396
nmc-1322,crosslab-nmc-v2-1397
nmc-1323,crosslab-nmc-v2-1398
nmc-1324,crosslab-nmc-v2-1399
nmc-1325,crosslab-nmc-v2-1400
nmc-1326,crosslab-nmc-v2-1401
nmc-1327,crosslab-nmc-v2-1402
nmc-1328,crosslab-nmc-v2-1403
nmc-1329,crosslab-nmc-v2-1404
nmc-1330,crosslab-nmc-v2-1405
nmc-1331,crosslab-nmc-v2-1406
nmc-1332,crosslab-nmc-v2-1407
nmc-1333,crosslab-nmc-v2-1408
nmc-1334,crosslab-nmc-v2-1409
nmc-1335,crosslab-nmc-v2-1410
nmc-1336,crosslab-nmc-v2-1411
nmc-1337,crosslab-nmc-v2-1412
nmc-1338,crosslab-nmc-v2-1413
nmc-1339,crosslab-nmc-v2-1414
nmc-1340,crosslab-nmc-v2-1415
nmc-1341,crosslab-nmc-v2-1416
nmc-1342,crosslab-nmc-v2-1417
nmc-1343,crosslab-nmc-v2-1418
nmc-1344,crosslab-nmc-v2-1419
nmc-1345,crosslab-nmc-v2-1420
nmc-1346,crosslab-nmc-v2-1421
nmc-1347,crosslab-nmc-v2-1422
nmc-1348,crosslab-nmc-v2-1423
nmc-1349,crosslab-nmc-v2-1424
nmc-1350,crosslab-nmc-v2-1425
nmc-1351,crosslab-nmc-v2-1426
nmc-1352,crosslab-nmc-v2-1427
nmc-1353,crosslab-nmc-v2-1428
nmc-1354,crosslab-nmc-v2-1429
nmc-1355,crosslab-nmc-v2-1430
nmc-1356,crosslab-nmc-v2-1431
nmc-1357,crosslab-nmc-v2-1432
nmc-1358,crosslab-nmc-v2-1433
nmc-1359,crosslab-nmc-v2-1434
nmc-1360,crosslab-nmc-v2-1435
nmc-1361,crosslab-nmc-v2-1436
nmc-1362,crosslab-nmc-v2-1437
nmc-1363,crosslab-nmc-v2-1438
nmc-1364,crosslab-nmc-v2-1439
nmc-1365,crosslab-nmc-v2-1440
nmc-1366,crosslab-nmc-v2-1441
nmc-1367,crosslab-nmc-v2-1442
nmc-1368,crosslab-nmc-v2-1443
nmc-1369,crosslab-nmc-v2-1444
nmc-1370,crosslab-nmc-v2-1445
nmc-1371,crosslab-nmc-v2-1446
nmc-1372,crosslab-nmc-v2-1447
nmc-1373,crosslab-nmc-v2-1448
nmc-1374,crosslab-nmc-v2-1449
nmc-1375,crosslab-nmc-v2-1450
nmc-1376,crosslab-nmc-v2-1451
nmc-1377,crosslab-nmc-v2-1452
nmc-1378,crosslab-nmc-v2-1453
nmc-1379,crosslab-nmc-v2-1454
nmc-1380,crosslab-nmc-v2-1455
nmc-1381,crosslab-nmc-v2-1456
nmc-1382,crosslab-nmc-v2-1457
nmc-1383,crosslab-nmc-v2-1458
nmc-1384,crosslab-nmc-v2-1459
nmc-1385,crosslab-nmc-v2-1460
nmc-1386,crosslab-nmc-v2-1461
nmc-1387,crosslab-nmc-v2-1462
nmc-1388,crosslab-nmc-v2-1463
nmc-1389,crosslab-nmc-v2-1464
nmc-1390,crosslab-nmc-v2-1465
nmc-1391,crosslab-nmc-v2-1466
nmc-1392,crosslab-nmc-v2-1467
nmc-1393,crosslab-nmc-v2-1477
nmc-1394,crosslab-nmc-v2-1483
nmc-1395,crosslab-nmc-v2-1484
nmc-1396,crosslab-nmc-v2-1485
nmc-1397,crosslab-nmc-v2-1486
nmc-1398,crosslab-nmc-v2-1487
nmc-1399,crosslab-nmc-v2-1488
nmc-1400,crosslab-nmc-v2-1489
nmc-1401,crosslab-nmc-v2-1490
nmc-1402,crosslab-nmc-v2-1491
nmc-1403,crosslab-nmc-v2-1492
nmc-1404,crosslab-nmc-v2-1493
nmc-1405,crosslab-nmc-v2-1494
nmc-1406,crosslab-nmc-v2-1495
nmc-1407,crosslab-nmc-v2-1496
nmc-1408,crosslab-nmc-v2-1497
nmc-1409,crosslab-nmc-v2-1498
nmc-1410,crosslab-nmc-v2-1499
nmc-1411,crosslab-nmc-v2-1500
nmc-1412,crosslab-nmc-v2-1501
nmc-1413,crosslab-nmc-v2-1502
nmc-1414,crosslab-nmc-v2-1503
nmc-1415,crosslab-nmc-v2-1504
nmc-1416,crosslab-nmc-v2-1505
nmc-1417,crosslab-nmc-v2-1506
nmc-1418,crosslab-nmc-v2-1507
nmc-1419,crosslab-nmc-v2-1508
nmc-1420,crosslab-nmc-v2-1509
nmc-1421,crosslab-nmc-v2-1510
nmc-1422,crosslab-nmc-v2-1511
nmc-1423,crosslab-nmc-v2-1512
nmc-1424,crosslab-nmc-v2-1513
nmc-1425,crosslab-nmc-v2-1514
nmc-1426,crosslab-nmc-v2-1515
nmc-1427,crosslab-nmc-v2-1516
nmc-1428,crosslab-nmc-v2-1517
nmc-1429,crosslab-nmc-v2-1518
nmc-1430,crosslab-nmc-v2-1519
nmc-1431,crosslab-nmc-v2-1520
nmc-1432,crosslab-nmc-v2-1521
nmc-1433,crosslab-nmc-v2-1522
nmc-1434,crosslab-nmc-v2-1523
nmc-1435,crosslab-nmc-v2-1525
nmc-1436,crosslab-nmc-v2-1536
nmc-1437,crosslab-nmc-v2-1537
nmc-1438,crosslab-nmc-v2-1538
nmc-1439,crosslab-nmc-v2-1539
nmc-1440,crosslab-nmc-v2-1540
nmc-1441,crosslab-nmc-v2-1541
nmc-1442,crosslab-nmc-v2-1542
nmc-1443,crosslab-nmc-v2-1543
nmc-1444,crosslab-nmc-v2-1544
nmc-1445,crosslab-nmc-v2-1545
nmc-1446,crosslab-nmc-v2-1547
nmc-1447,crosslab-nmc-v2-1551
nmc-1448,crosslab-nmc-v2-1552
nmc-1449,crosslab-nmc-v2-1553
nmc-1450,crosslab-nmc-v2-1554
nmc-1451,crosslab-nmc-v2-1555
nmc-1452,crosslab-nmc-v2-1556
nmc-1453,crosslab-nmc-v2-1557
nmc-1454,crosslab-nmc-v2-1558
nmc-1455,crosslab-nmc-v2-1559
nmc-1456,crosslab-nmc-v2-1560
nmc-1457,crosslab-nmc-v2-1561
nmc-1458,crosslab-nmc-v2-1562
nmc-1459,crosslab-nmc-v2-1563
nmc-1460,crosslab-nmc-v2-1564
nmc-1461,crosslab-nmc-v2-1565
nmc-1462,crosslab-nmc-v2-1566
nmc-1463,crosslab-nmc-v2-1567
nmc-1464,crosslab-nmc-v2-1568
nmc-1465,crosslab-nmc-v2-1569
nmc-1466,crosslab-nmc-v2-1570
nmc-1467,crosslab-nmc-v2-1571
nmc-1468,crosslab-nmc-v2-1572
nmc-1469,crosslab-nmc-v2-1573
nmc-1470,crosslab-nmc-v2-1574
nmc-1471,crosslab-nmc-v2-1575
nmc-1472,crosslab-nmc-v2-1576
nmc-1473,crosslab-nmc-v2-1577
nmc-1474,crosslab-nmc-v2-1578
nmc-1475,crosslab-nmc-v2-1579
nmc-1476,crosslab-nmc-v2-1580
nmc-1477,crosslab-nmc-v2-1581
nmc-1478,crosslab-nmc-v2-1582
nmc-1479,crosslab-nmc-v2-1583
nmc-1480,crosslab-nmc-v2-1584
nmc-1481,crosslab-nmc-v2-1585
nmc-1482,crosslab-nmc-v2-1586
nmc-1483,crosslab-nmc-v2-1587
nmc-1484,crosslab-nmc-v2-1588
nmc-1485,crosslab-nmc-v2-1589
nmc-1486,crosslab-nmc-v2-1590
nmc-1487,crosslab-nmc-v2-1591
nmc-1488,crosslab-nmc-v2-1592
nmc-1489,crosslab-nmc-v2-1593
nmc-1490,crosslab-nmc-v2-1594
nmc-1491,crosslab-nmc-v2-1595
nmc-1492,crosslab-nmc-v2-1596
nmc-1493,crosslab-nmc-v2-1597
nmc-1494,crosslab-nmc-v2-1598
nmc-1495,crosslab-nmc-v2-1599
nmc-1496,crosslab-nmc-v2-1600
nmc-1497,crosslab-nmc-v2-1601
nmc-1498,crosslab-nmc-v2-1602
nmc-1499,crosslab-nmc-v2-1603
nmc-1500,crosslab-nmc-v2-1604
nmc-1501,crosslab-nmc-v2-1605
nmc-1502,crosslab-nmc-v2-1606
nmc-1503,crosslab-nmc-v2-1607
nmc-1504,crosslab-nmc-v2-1608
nmc-1505,crosslab-nmc-v2-1609
nmc-1506,crosslab-nmc-v2-1610
nmc-1507,crosslab-nmc-v2-1611
nmc-1508,crosslab-nmc-v2-1612
nmc-1509,crosslab-nmc-v2-1613
nmc-1510,crosslab-nmc-v2-1614
nmc-1511,crosslab-nmc-v2-1615
nmc-1512,crosslab-nmc-v2-1616
nmc-1513,crosslab-nmc-v2-1617
nmc-1514,crosslab-nmc-v2-1618
nmc-1515,crosslab-nmc-v2-1619
nmc-1516,crosslab-nmc-v2-1620
nmc-1517,crosslab-nmc-v2-1621
nmc-1518,crosslab-nmc-v2-1622
nmc-1519,crosslab-nmc-v2-1623
nmc-1520,crosslab-nmc-v2-1624
nmc-1521,crosslab-nmc-v2-1625
nmc-1522,crosslab-nmc-v2-1626
nmc-1523,crosslab-nmc-v2-1627
nmc-1524,crosslab-nmc-v2-1628
nmc-1525,crosslab-nmc-v2-1629
nmc-1526,crosslab-nmc-v2-1630
nmc-1527,crosslab-nmc-v2-1631
nmc-1528,crosslab-nmc-v2-1632
nmc-1529,crosslab-nmc-v2-1633
nmc-1530,crosslab-nmc-v2-1634
nmc-1531,crosslab-nmc-v2-1635
nmc-1532,crosslab-nmc-v2-1636
nmc-1533,crosslab-nmc-v2-1637
nmc-1534,crosslab-nmc-v2-1638
nmc-1535,crosslab-nmc-v2-1639
nmc-1536,crosslab-nmc-v2-1640
nmc-1537,crosslab-nmc-v2-1641
nmc-1538,crosslab-nmc-v2-1642
nmc-1539,crosslab-nmc-v2-1643
nmc-1540,crosslab-nmc-v2-1644
nmc-1541,crosslab-nmc-v2-1645
nmc-1542,crosslab-nmc-v2-1646
nmc-1543,crosslab-nmc-v2-1647
nmc-1544,crosslab-nmc-v2-1648
nmc-1545,crosslab-nmc-v2-1649
nmc-1546,crosslab-nmc-v2-1650
nmc-1547,crosslab-nmc-v2-1651
nmc-1548,crosslab-nmc-v2-1652
nmc-1549,crosslab-nmc-v2-1653
nmc-1550,crosslab-nmc-v2-1654
nmc-1551,crosslab-nmc-v2-1655
nmc-1552,crosslab-nmc-v2-1656
nmc-1553,crosslab-nmc-v2-1657
nmc-1554,crosslab-nmc-v2-1658
nmc-1555,crosslab-nmc-v2-1659
nmc-1556,crosslab-nmc-v2-1660
nmc-1557,crosslab-nmc-v2-1661
nmc-1558,crosslab-nmc-v2-1662
nmc-1559,crosslab-nmc-v2-1663
nmc-1560,crosslab-nmc-v2-1664
nmc-1561,crosslab-nmc-v2-1665
nmc-1562,crosslab-nmc-v2-1666
nmc-1563,crosslab-nmc-v2-1667
nmc-1564,crosslab-nmc-v2-1668
nmc-1565,crosslab-nmc-v2-1669
nmc-1566,crosslab-nmc-v2-1670
nmc-1567,crosslab-nmc-v2-1671
nmc-1568,crosslab-nmc-v2-1672
nmc-1569,crosslab-nmc-v2-1673
nmc-1570,crosslab-nmc-v2-1674
nmc-1571,crosslab-nmc-v2-1675
nmc-1572,crosslab-nmc-v2-1676
nmc-1573,crosslab-nmc-v2-1677
nmc-1574,crosslab-nmc-v2-1678
nmc-1575,crosslab-nmc-v2-1679
nmc-1576,crosslab-nmc-v2-1680
nmc-1577,crosslab-nmc-v2-1681
nmc-1578,crosslab-nmc-v2-1682
nmc-1579,crosslab-nmc-v2-1683
nmc-1580,crosslab-nmc-v2-1684
nmc-1581,crosslab-nmc-v2-1685
nmc-1582,crosslab-nmc-v2-1686
nmc-1583,crosslab-nmc-v2-1687
nmc-1584,crosslab-nmc-v2-1688
nmc-1585,crosslab-nmc-v2-1689
nmc-1586,crosslab-nmc-v2-1690
nmc-1587,crosslab-nmc-v2-1691
nmc-1588,crosslab-nmc-v2-1692
nmc-1589,crosslab-nmc-v2-1693
nmc-1590,crosslab-nmc-v2-1694
nmc-1591,crosslab-nmc-v2-1695
nmc-1592,crosslab-nmc-v2-1696
nmc-1593,crosslab-nmc-v2-1697
nmc-1594,crosslab-nmc-v2-1698
nmc-1595,crosslab-nmc-v2-1699
nmc-1596,crosslab-nmc-v2-1700
nmc-1597,crosslab-nmc-v2-1701
nmc-1598,crosslab-nmc-v2-1702
nmc-1599,crosslab-nmc-v2-1703
nmc-1600,crosslab-nmc-v2-1704
nmc-1601,crosslab-nmc-v2-1705
nmc-1602,crosslab-nmc-v2-1706
nmc-1603,crosslab-nmc-v2-1707
nmc-1604,crosslab-nmc-v2-1708
nmc-1605,crosslab-nmc-v2-1709
nmc-1606,crosslab-nmc-v2-1710
nmc-1607,crosslab-nmc-v2-1711
nmc-1608,crosslab-nmc-v2-1712
nmc-1609,crosslab-nmc-v2-1713
nmc-1610,crosslab-nmc-v2-1714
nmc-1611,crosslab-nmc-v2-1715
nmc-1612,crosslab-nmc-v2-1716
nmc-1613,crosslab-nmc-v2-1717
nmc-1614,crosslab-nmc-v2-1718
nmc-1615,crosslab-nmc-v2-1719
nmc-1616,crosslab-nmc-v2-1720
nmc-1617,crosslab-nmc-v2-1721
nmc-1618,crosslab-nmc-v2-1722
nmc-1619,crosslab-nmc-v2-1723
nmc-1620,crosslab-nmc-v2-1724
nmc-1621,crosslab-nmc-v2-1725
nmc-1622,crosslab-nmc-v2-1726
nmc-1623,crosslab-nmc-v2-1727
nmc-1624,crosslab-nmc-v2-1728
nmc-1625,crosslab-nmc-v2-1729
nmc-1626,crosslab-nmc-v2-1730
nmc-1627,crosslab-nmc-v2-1731
nmc-1628,crosslab-nmc-v2-1732
nmc-1629,crosslab-nmc-v2-1733
nmc-1630,crosslab-nmc-v2-1734
nmc-1631,crosslab-nmc-v2-1735
nmc-1632,crosslab-nmc-v2-1736
nmc-1633,crosslab-nmc-v2-1737
nmc-1634,crosslab-nmc-v2-1738
nmc-1635,crosslab-nmc-v2-1739
nmc-1636,crosslab-nmc-v2-1740
nmc-1637,crosslab-nmc-v2-1741
nmc-1638,crosslab-nmc-v2-1742
nmc-1639,crosslab-nmc-v2-1743
nmc-1640,crosslab-nmc-v2-1744
nmc-1641,crosslab-nmc-v2-1745
nmc-1642,crosslab-nmc-v2-1746
nmc-1643,crosslab-nmc-v2-1747
nmc-1644,crosslab-nmc-v2-1748
nmc-1645,crosslab-nmc-v2-1749
nmc-1646,crosslab-nmc-v2-1750
nmc-1647,crosslab-nmc-v2-1751
nmc-1648,crosslab-nmc-v2-1752
nmc-1649,crosslab-nmc-v2-1753
nmc-1650,crosslab-nmc-v2-1754
nmc-1651,crosslab-nmc-v2-1755
nmc-1652,crosslab-nmc-v2-1756
nmc-1653,crosslab-nmc-v2-1757
nmc-1654,crosslab-nmc-v2-1758
nmc-1655,crosslab-nmc-v2-1759
nmc-1656,crosslab-nmc-v2-1760
nmc-1657,crosslab-nmc-v2-1761
nmc-1658,crosslab-nmc-v2-1762
nmc-1659,crosslab-nmc-v2-1763
nmc-1660,crosslab-nmc-v2-1764
nmc-1661,crosslab-nmc-v2-1765
nmc-1662,crosslab-nmc-v2-1766
nmc-1663,crosslab-nmc-v2-1767
nmc-1664,crosslab-nmc-v2-1768
nmc-1665,crosslab-nmc-v2-1769
nmc-1666,crosslab-nmc-v2-1770
nmc-1667,crosslab-nmc-v2-1771
nmc-1668,crosslab-nmc-v2-1772
nmc-1669,crosslab-nmc-v2-1773
nmc-1670,crosslab-nmc-v2-1774
nmc-1671,crosslab-nmc-v2-1775
nmc-1672,crosslab-nmc-v2-1776
nmc-1673,crosslab-nmc-v2-1777
nmc-1674,crosslab-nmc-v2-1778
nmc-1675,crosslab-nmc-v2-1779
nmc-1676,crosslab-nmc-v2-1780
nmc-1677,crosslab-nmc-v2-1782
nmc-1678,crosslab-nmc-v2-1783
nmc-1679,crosslab-nmc-v2-1784
nmc-1680,crosslab-nmc-v2-1785
nmc-1681,crosslab-nmc-v2-1786
nmc-1682,crosslab-nmc-v2-1787
nmc-1683,crosslab-nmc-v2-1788
nmc-1684,crosslab-nmc-v2-1789
nmc-1685,crosslab-nmc-v2-1790
nmc-1686,crosslab-nmc-v2-1791
nmc-1687,crosslab-nmc-v2-1792
nmc-1688,crosslab-nmc-v2-1793
nmc-1689,crosslab-nmc-v2-1794
nmc-1690,crosslab-nmc-v2-1795
nmc-1691,crosslab-nmc-v2-1796
nmc-1692,crosslab-nmc-v2-1797
nmc-1693,crosslab-nmc-v2-1798
nmc-1694,crosslab-nmc-v2-1799
nmc-1695,crosslab-nmc-v2-1800
nmc-1696,crosslab-nmc-v2-1801
nmc-1697,crosslab-nmc-v2-1802
nmc-1698,crosslab-nmc-v2-1803
nmc-1699,crosslab-nmc-v2-1804
nmc-1700,crosslab-nmc-v2-1805
nmc-1701,crosslab-nmc-v2-1806
nmc-1702,crosslab-nmc-v2-1807
nmc-1703,crosslab-nmc-v2-1808
nmc-1704,crosslab-nmc-v2-1809
nmc-1705,crosslab-nmc-v2-1810
nmc-1706,crosslab-nmc-v2-1811
nmc-1707,crosslab-nmc-v2-1812
nmc-1708,crosslab-nmc-v2-1813
nmc-1709,crosslab-nmc-v2-1814
nmc-1710,crosslab-nmc-v2-1815
nmc-1711,crosslab-nmc-v2-1816
nmc-1712,crosslab-nmc-v2-1817
nmc-1713,crosslab-nmc-v2-1818
nmc-1714,crosslab-nmc-v2-1819
nmc-1715,crosslab-nmc-v2-1820
nmc-1716,crosslab-nmc-v2-1821
nmc-1717,crosslab-nmc-v2-1822
nmc-1718,crosslab-nmc-v2-1823
nmc-1719,crosslab-nmc-v2-1824
nmc-1720,crosslab-nmc-v2-1825
nmc-1721,crosslab-nmc-v2-1826
nmc-1722,crosslab-nmc-v2-1827
nmc-1723,crosslab-nmc-v2-1828
nmc-1724,crosslab-nmc-v2-1829
nmc-1725,crosslab-nmc-v2-1830
nmc-1726,crosslab-nmc-v2-1831
nmc-1727,crosslab-nmc-v2-1832
nmc-1728,crosslab-nmc-v2-1833
nmc-1729,crosslab-nmc-v2-1834
nmc-1730,crosslab-nmc-v2-1836
nmc-1731,crosslab-nmc-v2-1837
nmc-1732,crosslab-nmc-v2-1838
nmc-1733,crosslab-nmc-v2-1839
nmc-1734,crosslab-nmc-v2-1841
nmc-1735,crosslab-nmc-v2-1844
nmc-1736,crosslab-nmc-v2-1846
nmc-1737,crosslab-nmc-v2-1847
nmc-1738,crosslab-nmc-v2-1848
nmc-1739,crosslab-nmc-v2-1849
nmc-1740,crosslab-nmc-v2-1850
nmc-1741,crosslab-nmc-v2-1851
nmc-1742,crosslab-nmc-v2-1852
nmc-1743,crosslab-nmc-v2-1853
nmc-1744,crosslab-nmc-v2-1854
nmc-1745,crosslab-nmc-v2-1855
nmc-1746,crosslab-nmc-v2-1856
nmc-1747,crosslab-nmc-v2-1857
nmc-1748,crosslab-nmc-v2-1858
nmc-1749,crosslab-nmc-v2-1859
nmc-1750,crosslab-nmc-v2-1860
nmc-1751,crosslab-nmc-v2-1861
nmc-1752,crosslab-nmc-v2-1862
nmc-1753,crosslab-nmc-v2-1863
nmc-1754,crosslab-nmc-v2-1864
nmc-1755,crosslab-nmc-v2-1865
nmc-1756,crosslab-nmc-v2-1866
nmc-1757,crosslab-nmc-v2-1867
nmc-1758,crosslab-nmc-v2-1868
nmc-1759,crosslab-nmc-v2-1869
nmc-1760,crosslab-nmc-v2-1870
nmc-1761,crosslab-nmc-v2-1871
nmc-1762,crosslab-nmc-v2-1872
nmc-1763,crosslab-nmc-v2-1873
nmc-1764,crosslab-nmc-v2-1874
nmc-1765,crosslab-nmc-v2-1875
nmc-1766,crosslab-nmc-v2-1876
nmc-1767,crosslab-nmc-v2-1877
nmc-1768,crosslab-nmc-v2-1878
nmc-1769,crosslab-nmc-v2-1879
nmc-1770,crosslab-nmc-v2-1880
nmc-1771,crosslab-nmc-v2-1881
nmc-1772,crosslab-nmc-v2-1882
nmc-1773,crosslab-nmc-v2-1883
nmc-1774,crosslab-nmc-v2-1884
nmc-1775,crosslab-nmc-v2-1885
nmc-1776,crosslab-nmc-v2-1886
nmc-1777,crosslab-nmc-v2-1887
nmc-1778,crosslab-nmc-v2-1888
nmc-1779,crosslab-nmc-v2-1889
nmc-1780,crosslab-nmc-v2-1890
nmc-1781,crosslab-nmc-v2-1891
nmc-1782,crosslab-nmc-v2-1892
nmc-1783,crosslab-nmc-v2-1893
nmc-1784,crosslab-nmc-v2-1894
nmc-1785,crosslab-nmc-v2-1895
nmc-1786,crosslab-nmc-v2-1896
nmc-1787,crosslab-nmc-v2-1897
nmc-1788,crosslab-nmc-v2-1898
nmc-1789,crosslab-nmc-v2-1899
nmc-1790,crosslab-nmc-v2-1900
nmc-1791,crosslab-nmc-v2-1901
nmc-1792,crosslab-nmc-v2-1902
nmc-1793,crosslab-nmc-v2-1903
nmc-1794,crosslab-nmc-v2-1904
nmc-1795,crosslab-nmc-v2-1905
nmc-1796,crosslab-nmc-v2-1906
nmc-1797,crosslab-nmc-v2-1907
nmc-1798,crosslab-nmc-v2-1908
nmc-1799,crosslab-nmc-v2-1909
nmc-1800,crosslab-nmc-v2-1910
nmc-1801,crosslab-nmc-v2-1911
nmc-1802,crosslab-nmc-v2-1912
nmc-1803,crosslab-nmc-v2-1913
nmc-1804,crosslab-nmc-v2-1914
nmc-1805,crosslab-nmc-v2-1915
nmc-1806,crosslab-nmc-v2-1916
nmc-1807,crosslab-nmc-v2-1917
nmc-1808,crosslab-nmc-v2-1918
nmc-1809,crosslab-nmc-v2-1919
nmc-1810,crosslab-nmc-v2-1920
nmc-1811,crosslab-nmc-v2-1921
nmc-1812,crosslab-nmc-v2-1922
nmc-1813,crosslab-nmc-v2-1923
nmc-1814,crosslab-nmc-v2-1924
nmc-1815,crosslab-nmc-v2-1925
nmc-1816,crosslab-nmc-v2-1926
nmc-1817,crosslab-nmc-v2-1927
nmc-1818,crosslab-nmc-v2-1928
nmc-1819,crosslab-nmc-v2-1929
nmc-1820,crosslab-nmc-v2-1930
nmc-1821,crosslab-nmc-v2-1931
nmc-1822,crosslab-nmc-v2-1932
nmc-1823,crosslab-nmc-v2-1933
nmc-1824,crosslab-nmc-v2-1934
nmc-1825,crosslab-nmc-v2-1935
nmc-1826,crosslab-nmc-v2-1936
nmc-1827,crosslab-nmc-v2-1937
nmc-1828,crosslab-nmc-v2-1938
nmc-1829,crosslab-nmc-v2-1939
nmc-1830,crosslab-nmc-v2-1940
nmc-1831,crosslab-nmc-v2-1941
nmc-1832,crosslab-nmc-v2-1942
nmc-1833,crosslab-nmc-v2-1943
nmc-1834,crosslab-nmc-v2-1944
nmc-1835,crosslab-nmc-v2-1945
nmc-1836,crosslab-nmc-v2-1946
nmc-1837,crosslab-nmc-v2-1947
nmc-1838,crosslab-nmc-v2-1948
nmc-1839,crosslab-nmc-v2-1949
nmc-1840,crosslab-nmc-v2-1950
nmc-1841,crosslab-nmc-v2-1951
nmc-1842,crosslab-nmc-v2-1952
nmc-1843,crosslab-nmc-v2-1953
nmc-1844,crosslab-nmc-v2-1954
nmc-1845,crosslab-nmc-v2-1955
nmc-1846,crosslab-nmc-v2-1956
nmc-1847,crosslab-nmc-v2-1957
nmc-1848,crosslab-nmc-v2-1958
nmc-1849,crosslab-nmc-v2-1959
nmc-1850,crosslab-nmc-v2-1960
nmc-1851,crosslab-nmc-v2-1961
nmc-1852,crosslab-nmc-v2-1962
nmc-1853,crosslab-nmc-v2-1963
nmc-1854,crosslab-nmc-v2-1964
nmc-1855,crosslab-nmc-v2-1965
nmc-1856,crosslab-nmc-v2-1966
nmc-1857,crosslab-nmc-v2-1967
nmc-1858,crosslab-nmc-v2-1968
nmc-1859,crosslab-nmc-v2-1969
nmc-1860,crosslab-nmc-v2-1970
nmc-1861,crosslab-nmc-v2-1971
nmc-1862,crosslab-nmc-v2-1972
nmc-1863,crosslab-nmc-v2-1973
nmc-1864,crosslab-nmc-v2-1974
nmc-1865,crosslab-nmc-v2-1975
nmc-1866,crosslab-nmc-v2-1976
nmc-1867,crosslab-nmc-v2-1977
nmc-1868,crosslab-nmc-v2-1978
nmc-1869,crosslab-nmc-v2-1979
nmc-1870,crosslab-nmc-v2-1980
nmc-1871,crosslab-nmc-v2-1981
nmc-1872,crosslab-nmc-v2-1982
nmc-1873,crosslab-nmc-v2-1983
nmc-1874,crosslab-nmc-v2-1984
nmc-1875,crosslab-nmc-v2-1986
nmc-1876,crosslab-nmc-v2-1987
nmc-1877,crosslab-nmc-v2-1988
nmc-1878,crosslab-nmc-v2-1990
nmc-1879,crosslab-nmc-v2-1991
nmc-1880,crosslab-nmc-v2-1992
nmc-1881,crosslab-nmc-v2-1993
nmc-1882,crosslab-nmc-v2-1994
nmc-1883,crosslab-nmc-v2-1995
nmc-1884,crosslab-nmc-v2-1996
nmc-1885,crosslab-nmc-v2-1997
nmc-1886,crosslab-nmc-v2-1998
nmc-1887,crosslab-nmc-v2-1999
nmc-1888,crosslab-nmc-v2-2000
nmc-1889,crosslab-nmc-v2-2001
nmc-1890,crosslab-nmc-v2-2002
nmc-1891,crosslab-nmc-v2-2003
nmc-1892,crosslab-nmc-v2-2004
nmc-1893,crosslab-nmc-v2-2005
nmc-1894,crosslab-nmc-v2-2006
nmc-1895,crosslab-nmc-v2-2007
nmc-1896,crosslab-nmc-v2-2008
nmc-1897,crosslab-nmc-v2-2009
nmc-1898,crosslab-nmc-v2-2010
nmc-1899,crosslab-nmc-v2-2011
nmc-1900,crosslab-nmc-v2-2012
nmc-1901,crosslab-nmc-v2-2013
nmc-1902,crosslab-nmc-v2-2014
nmc-1903,crosslab-nmc-v2-2015
nmc-1904,crosslab-nmc-v2-2016
nmc-1905,crosslab-nmc-v2-2017
nmc-1906,crosslab-nmc-v2-2018
nmc-1907,crosslab-nmc-v2-2019
nmc-1908,crosslab-nmc-v2-2020
nmc-1909,crosslab-nmc-v2-2021
nmc-1910,crosslab-nmc-v2-2022
nmc-1911,crosslab-nmc-v2-2023
nmc-1912,crosslab-nmc-v2-2024
nmc-1913,crosslab-nmc-v2-2025
nmc-1914,crosslab-nmc-v2-2026
nmc-1915,crosslab-nmc-v2-2027
nmc-1916,crosslab-nmc-v2-2028
nmc-1917,crosslab-nmc-v2-2029
nmc-1918,crosslab-nmc-v2-2030
nmc-1919,crosslab-nmc-v2-2031
nmc-1920,crosslab-nmc-v2-2032
nmc-1921,crosslab-nmc-v2-2033
nmc-1922,crosslab-nmc-v2-2034
nmc-1923,crosslab-nmc-v2-2035
nmc-1924,crosslab-nmc-v2-2036
nmc-1925,crosslab-nmc-v2-2037
nmc-1926,crosslab-nmc-v2-2038
nmc-1927,crosslab-nmc-v2-2039
nmc-1928,crosslab-nmc-v2-2065
nmc-1929,crosslab-nmc-v2-2066
nmc-1930,crosslab-nmc-v2-2067
nmc-1931,crosslab-nmc-v2-2068
nmc-1932,crosslab-nmc-v2-2069
nmc-1933,crosslab-nmc-v2-2070
nmc-1934,crosslab-nmc-v2-2071
nmc-1935,crosslab-nmc-v2-2072
nmc-1936,crosslab-nmc-v2-2073
nmc-1937,crosslab-nmc-v2-2074
nmc-1938,crosslab-nmc-v2-2075
nmc-1939,crosslab-nmc-v2-2076
nmc-1940,crosslab-nmc-v2-2077
nmc-1941,crosslab-nmc-v2-2078
nmc-1942,crosslab-nmc-v2-2079
nmc-1943,crosslab-nmc-v2-2080
nmc-1944,crosslab-nmc-v2-2081
nmc-1945,crosslab-nmc-v2-2082
nmc-1946,crosslab-nmc-v2-2083
nmc-1947,crosslab-nmc-v2-2084
nmc-1948,crosslab-nmc-v2-2085
nmc-1949,crosslab-nmc-v2-2086
nmc-1950,crosslab-nmc-v2-2087
nmc-1951,crosslab-nmc-v2-2088
nmc-1952,crosslab-nmc-v2-2089
nmc-1953,crosslab-nmc-v2-2090
nmc-1954,crosslab-nmc-v2-2091
nmc-1955,crosslab-nmc-v2-2092
nmc-1956,crosslab-nmc-v2-2093
nmc-1957,crosslab-nmc-v2-2094
nmc-1958,crosslab-nmc-v2-2095
nmc-1959,crosslab-nmc-v2-2096
nmc-1960,crosslab-nmc-v2-2097
nmc-1961,crosslab-nmc-v2-2098
nmc-1962,crosslab-nmc-v2-2099
nmc-1963,crosslab-nmc-v2-2100
nmc-1964,crosslab-nmc-v2-2101
nmc-1965,crosslab-nmc-v2-2102
nmc-1966,crosslab-nmc-v2-2103
nmc-1967,crosslab-nmc-v2-2104
nmc-1968,crosslab-nmc-v2-2105
nmc-1969,crosslab-nmc-v2-2106
nmc-1970,crosslab-nmc-v2-2107
nmc-1971,crosslab-nmc-v2-2108
nmc-1972,crosslab-nmc-v2-2109
nmc-1973,crosslab-nmc-v2-2110
nmc-1974,crosslab-nmc-v2-2111
nmc-1975,crosslab-nmc-v2-2112
nmc-1976,crosslab-nmc-v2-2113
nmc-1977,crosslab-nmc-v2-2114
nmc-1978,crosslab-nmc-v2-2115
nmc-1979,crosslab-nmc-v2-2116
nmc-1980,crosslab-nmc-v2-2117
nmc-1981,crosslab-nmc-v2-2118
nmc-1982,crosslab-nmc-v2-2119
nmc-1983,crosslab-nmc-v3-0001
nmc-1984,crosslab-nmc-v3-0002
nmc-1985,crosslab-nmc-v3-0003
nmc-1986,crosslab-nmc-v3-0004
nmc-1987,crosslab-nmc-v3-0005
nmc-1988,crosslab-nmc-v3-0006
nmc-1989,crosslab-nmc-v3-0007
nmc-1990,crosslab-nmc-v3-0008
nmc-1991,crosslab-nmc-v3-0009
