record_id,doi,field,old,new,paper_supported_value,raw_formulation,error_type,resolution,evidence,date
nmc-1766,10.1149/1945-7111/ad1d26,active_material_wt_pct,87.7,89.5,89.5,89.5/5.0/4.0/3.5 CAM/SiO2/C65/PVDF,extraction error: derived (renormalized) value,replaced with paper-stated value; derived 87.7 kept in history,"extraction error (derived value): paper states 'CAM/SiO2/C65/PVDF ink composition of 89.5/5.0/4.0/3.5 (by weight)'; previous value was 89.5 renormalized over the 102 total, inconsistent with the unrenormalized 4.0 and 3.5; paper-stated value used",2026-09-17
nmc-1765,10.1149/1945-7111/ad1d26,active_material_wt_pct,87.7,89.5,89.5,89.5/5.0/4.0/3.5 CAM/SiO2/C65/PVDF,extraction error: derived (renormalized) value,replaced with paper-stated value; derived 87.7 kept in history,"extraction error (derived value): paper states 'CAM/SiO2/C65/PVDF ink composition of 89.5/5.0/4.0/3.5 (by weight)'; previous value was 89.5 renormalized over the 102 total, inconsistent with the unrenormalized 4.0 and 3.5; paper-stated value used",2026-09-17
nmc-1762,10.1149/1945-7111/ad1d26,active_material_wt_pct,87.7,89.5,89.5,89.5/5.0/4.0/3.5 CAM/SiO2/C65/PVDF,extraction error: derived (renormalized) value,replaced with paper-stated value; derived 87.7 kept in history,"extraction error (derived value): paper states 'CAM/SiO2/C65/PVDF ink composition of 89.5/5.0/4.0/3.5 (by weight)'; previous value was 89.5 renormalized over the 102 total, inconsistent with the unrenormalized 4.0 and 3.5; paper-stated value used",2026-09-17
nmc-1761,10.1149/1945-7111/ad1d26,active_material_wt_pct,87.7,89.5,89.5,89.5/5.0/4.0/3.5 CAM/SiO2/C65/PVDF,extraction error: derived (renormalized) value,replaced with paper-stated value; derived 87.7 kept in history,"extraction error (derived value): paper states 'CAM/SiO2/C65/PVDF ink composition of 89.5/5.0/4.0/3.5 (by weight)'; previous value was 89.5 renormalized over the 102 total, inconsistent with the unrenormalized 4.0 and 3.5; paper-stated value used",2026-09-17
nmc-0571,10.3390/batteries10100354,active_material_wt_pct,93,92.6,92.6,92.6:2.8:1.8:2.8,extraction error: rounded whole number,replaced with the decimal stated in electrode_ratio_raw and the paper,"decimal rule: electrode_ratio_raw explicitly gives a decimal wt% for the component, so the paper-stated decimal replaces the rounded whole-number extraction; paper: 'NMC 622: carbon black: Na-CMC: TRD 202A = 92.6:2.8:1.8:2.8'",2026-09-17
nmc-1921,10.1038/s41598-021-84799-1,conductive_additive_wt_pct,0.1,1,1,7:2.9:0.1,extraction error: fields normalized on different scales,all parts normalized with the same factor,"mixed scale: paper 'cathode composites were prepared by milling mixtures 7:2.9:0.1 by weight of NCM622, β-Li3PS4 or Li6PS5Cl and Super C65 carbon black'; ratio normalized to 100 by multiplying every part by 100/10 = 10 (AM 7 -> 70, SE 2.9 -> 29, CA 0.1 -> 1); AM had been scaled but CA had not",2026-09-17
nmc-1914,10.1002/marc.202200335,active_material_wt_pct,,90,90,not_reported,extraction error: paper-stated value not extracted,paper-stated value filled,"value omitted: paper 'NMC622 (1 g, 90 wt%), Super C65 (0.077 g, 7 wt%)'; for the PCL rows, PCL was introduced 'replacing half the amount of polyvinylidene difluoride (PVdF) binder', so the active fraction is unchanged; binder wt% not established and left empty",2026-09-17
nmc-1914,10.1002/marc.202200335,electrode_ratio_raw,not_reported,"NMC622 (1 g, 90 wt%), Super C65 (0.077 g, 7 wt%), and 1.27 g of NMP solution (containing 3 wt% of PVdF)","paper wording (verbatim, with note where carried over)",not_reported,raw evidence missing: normalized values present while electrode_ratio_raw read not_reported,electrode_ratio_raw filled with the paper wording behind the normalized values,raw evidence filled: paper wording that establishes active_material_wt_pct 90 and conductive_additive_wt_pct 7 for the reference cathode,2026-09-17
nmc-1917,10.1002/marc.202200335,active_material_wt_pct,,90,90,not_reported,extraction error: paper-stated value not extracted,paper-stated value filled,"value omitted: paper 'NMC622 (1 g, 90 wt%), Super C65 (0.077 g, 7 wt%)'; for the PCL rows, PCL was introduced 'replacing half the amount of polyvinylidene difluoride (PVdF) binder', so the active fraction is unchanged; binder wt% not established and left empty",2026-09-17
nmc-1917,10.1002/marc.202200335,electrode_ratio_raw,not_reported,"PCL cathode: 1.5 wt% of PCL-based star polymer was introduced into the cathode slurry upon electrode preparation, replacing half the amount of polyvinylidene difluoride (PVdF) binder; reference cathode: NMC622 (1 g, 90 wt%), Super C65 (0.077 g, 7 wt%), and 1.27 g of NMP solution (containing 3 wt% of PVdF) [note: 90 wt% active is stated for the reference cathode only; for the PCL cathode it is carried over from the statement that PCL replaces half the PVdF binder]","paper wording (verbatim, with note where carried over)",not_reported,raw evidence missing: normalized values present while electrode_ratio_raw read not_reported,electrode_ratio_raw filled with the paper wording behind the normalized values,raw evidence filled: PCL formulation wording plus the reference-cathode wording; the note records that 90 wt% active is stated for the reference cathode and carried over to the PCL cathode,2026-09-17
nmc-1915,10.1002/marc.202200335,active_material_wt_pct,,90,90,not_reported,extraction error: paper-stated value not extracted,paper-stated value filled,"value omitted: paper 'NMC622 (1 g, 90 wt%), Super C65 (0.077 g, 7 wt%)'; for the PCL rows, PCL was introduced 'replacing half the amount of polyvinylidene difluoride (PVdF) binder', so the active fraction is unchanged; binder wt% not established and left empty",2026-09-17
nmc-1915,10.1002/marc.202200335,electrode_ratio_raw,not_reported,"NMC622 (1 g, 90 wt%), Super C65 (0.077 g, 7 wt%), and 1.27 g of NMP solution (containing 3 wt% of PVdF)","paper wording (verbatim, with note where carried over)",not_reported,raw evidence missing: normalized values present while electrode_ratio_raw read not_reported,electrode_ratio_raw filled with the paper wording behind the normalized values,raw evidence filled: paper wording that establishes active_material_wt_pct 90 and conductive_additive_wt_pct 7 for the reference cathode,2026-09-17
nmc-1916,10.1002/marc.202200335,active_material_wt_pct,,90,90,not_reported,extraction error: paper-stated value not extracted,paper-stated value filled,"value omitted: paper 'NMC622 (1 g, 90 wt%), Super C65 (0.077 g, 7 wt%)'; for the PCL rows, PCL was introduced 'replacing half the amount of polyvinylidene difluoride (PVdF) binder', so the active fraction is unchanged; binder wt% not established and left empty",2026-09-17
nmc-1916,10.1002/marc.202200335,electrode_ratio_raw,not_reported,"PCL cathode: 1.5 wt% of PCL-based star polymer was introduced into the cathode slurry upon electrode preparation, replacing half the amount of polyvinylidene difluoride (PVdF) binder; reference cathode: NMC622 (1 g, 90 wt%), Super C65 (0.077 g, 7 wt%), and 1.27 g of NMP solution (containing 3 wt% of PVdF) [note: 90 wt% active is stated for the reference cathode only; for the PCL cathode it is carried over from the statement that PCL replaces half the PVdF binder]","paper wording (verbatim, with note where carried over)",not_reported,raw evidence missing: normalized values present while electrode_ratio_raw read not_reported,electrode_ratio_raw filled with the paper wording behind the normalized values,raw evidence filled: PCL formulation wording plus the reference-cathode wording; the note records that 90 wt% active is stated for the reference cathode and carried over to the PCL cathode,2026-09-17
nmc-0002,10.3390/nano15030156,conductive_additive_wt_pct,7,8,8,88:7:1:4,extraction error: named conductive additive omitted from the sum,conductive additives summed as the paper groups them,additive omitted: paper Table 2 groups Carbon Black and MWCNTs under 'Conductive Additive (wt%)' (88 / 8-x / x / 4); the stored value counted carbon black only; explicitly named conductive additives summed,2026-09-17
nmc-0003,10.3390/nano15030156,conductive_additive_wt_pct,6,8,8,88:6:2:4,extraction error: named conductive additive omitted from the sum,conductive additives summed as the paper groups them,additive omitted: paper Table 2 groups Carbon Black and MWCNTs under 'Conductive Additive (wt%)' (88 / 8-x / x / 4); the stored value counted carbon black only; explicitly named conductive additives summed,2026-09-17
nmc-0506,10.1002/advs.202001809,active_material_wt_pct,92,92.5,92.5,92.5:4.5:3,extraction error: rounded whole number,replaced with the decimal stated in electrode_ratio_raw and the paper,"decimal rule: electrode_ratio_raw explicitly gives a decimal wt% for the component, so the paper-stated decimal replaces the rounded whole-number extraction; paper: 'active materials, super P … and polyvinylidene fluoride in a weight ratio of 92.5:4.5:3'",2026-09-17
nmc-0507,10.1002/advs.202001809,active_material_wt_pct,92,92.5,92.5,92.5:4.5:3,extraction error: rounded whole number,replaced with the decimal stated in electrode_ratio_raw and the paper,"decimal rule: electrode_ratio_raw explicitly gives a decimal wt% for the component, so the paper-stated decimal replaces the rounded whole-number extraction; paper: 'active materials, super P … and polyvinylidene fluoride in a weight ratio of 92.5:4.5:3'",2026-09-17
nmc-0508,10.1002/advs.202001809,active_material_wt_pct,92,92.5,92.5,92.5:4.5:3,extraction error: rounded whole number,replaced with the decimal stated in electrode_ratio_raw and the paper,"decimal rule: electrode_ratio_raw explicitly gives a decimal wt% for the component, so the paper-stated decimal replaces the rounded whole-number extraction; paper: 'active materials, super P … and polyvinylidene fluoride in a weight ratio of 92.5:4.5:3'",2026-09-17
nmc-0509,10.1002/advs.202001809,active_material_wt_pct,92,92.5,92.5,92.5:4.5:3,extraction error: rounded whole number,replaced with the decimal stated in electrode_ratio_raw and the paper,"decimal rule: electrode_ratio_raw explicitly gives a decimal wt% for the component, so the paper-stated decimal replaces the rounded whole-number extraction; paper: 'active materials, super P … and polyvinylidene fluoride in a weight ratio of 92.5:4.5:3'",2026-09-17
nmc-0510,10.1002/advs.202001809,active_material_wt_pct,92,92.5,92.5,92.5:4.5:3,extraction error: rounded whole number,replaced with the decimal stated in electrode_ratio_raw and the paper,"decimal rule: electrode_ratio_raw explicitly gives a decimal wt% for the component, so the paper-stated decimal replaces the rounded whole-number extraction; paper: 'active materials, super P … and polyvinylidene fluoride in a weight ratio of 92.5:4.5:3'",2026-09-17
nmc-0511,10.1002/advs.202001809,active_material_wt_pct,92,92.5,92.5,92.5:4.5:3,extraction error: rounded whole number,replaced with the decimal stated in electrode_ratio_raw and the paper,"decimal rule: electrode_ratio_raw explicitly gives a decimal wt% for the component, so the paper-stated decimal replaces the rounded whole-number extraction; paper: 'active materials, super P … and polyvinylidene fluoride in a weight ratio of 92.5:4.5:3'",2026-09-17
nmc-0512,10.1002/advs.202001809,active_material_wt_pct,92,92.5,92.5,92.5:4.5:3,extraction error: rounded whole number,replaced with the decimal stated in electrode_ratio_raw and the paper,"decimal rule: electrode_ratio_raw explicitly gives a decimal wt% for the component, so the paper-stated decimal replaces the rounded whole-number extraction; paper: 'active materials, super P … and polyvinylidene fluoride in a weight ratio of 92.5:4.5:3'",2026-09-17
nmc-0513,10.1002/advs.202001809,active_material_wt_pct,92,92.5,92.5,92.5:4.5:3,extraction error: rounded whole number,replaced with the decimal stated in electrode_ratio_raw and the paper,"decimal rule: electrode_ratio_raw explicitly gives a decimal wt% for the component, so the paper-stated decimal replaces the rounded whole-number extraction; paper: 'active materials, super P … and polyvinylidene fluoride in a weight ratio of 92.5:4.5:3'",2026-09-17
nmc-0085,10.1016/j.est.2024.114627,active_material_wt_pct,,99.8,99.8,not_reported,extraction error: paper-stated value not extracted,paper-stated value filled,"value omitted: paper 'electrodes containing 99.8 wt% NCM811 and only 0.2 wt% SWCNTs, acting as both conductive additive and binding agent'; binder left unchanged",2026-09-17
nmc-0085,10.1016/j.est.2024.114627,electrode_ratio_raw,not_reported,"electrodes containing 99.8 wt% NCM811 and only 0.2 wt% SWCNTs, acting as both conductive additive and binding agent","paper wording (verbatim, with note where carried over)",not_reported,raw evidence missing: normalized values present while electrode_ratio_raw read not_reported,electrode_ratio_raw filled with the paper wording behind the normalized values,raw evidence filled: paper wording that establishes active_material_wt_pct 99.8 and conductive_additive_wt_pct 0.2,2026-09-17
nmc-0007,10.3390/nano15030156,conductive_additive_wt_pct,7,8,8,88:7:1:4,extraction error: named conductive additive omitted from the sum,conductive additives summed as the paper groups them,additive omitted: paper Table 2 groups Carbon Black and MWCNTs under 'Conductive Additive (wt%)' (88 / 8-x / x / 4); the stored value counted carbon black only; explicitly named conductive additives summed,2026-09-17
nmc-0518,10.1002/advs.202001809,active_material_wt_pct,92,92.5,92.5,92.5:4.5:3,extraction error: rounded whole number,replaced with the decimal stated in electrode_ratio_raw and the paper,"decimal rule: electrode_ratio_raw explicitly gives a decimal wt% for the component, so the paper-stated decimal replaces the rounded whole-number extraction; paper: 'active materials, super P … and polyvinylidene fluoride in a weight ratio of 92.5:4.5:3'",2026-09-17
nmc-0517,10.1002/advs.202001809,active_material_wt_pct,92,92.5,92.5,92.5:4.5:3,extraction error: rounded whole number,replaced with the decimal stated in electrode_ratio_raw and the paper,"decimal rule: electrode_ratio_raw explicitly gives a decimal wt% for the component, so the paper-stated decimal replaces the rounded whole-number extraction; paper: 'active materials, super P … and polyvinylidene fluoride in a weight ratio of 92.5:4.5:3'",2026-09-17
nmc-0514,10.1002/advs.202001809,active_material_wt_pct,92,92.5,92.5,92.5:4.5:3,extraction error: rounded whole number,replaced with the decimal stated in electrode_ratio_raw and the paper,"decimal rule: electrode_ratio_raw explicitly gives a decimal wt% for the component, so the paper-stated decimal replaces the rounded whole-number extraction; paper: 'active materials, super P … and polyvinylidene fluoride in a weight ratio of 92.5:4.5:3'",2026-09-17
nmc-0516,10.1002/advs.202001809,active_material_wt_pct,92,92.5,92.5,92.5:4.5:3,extraction error: rounded whole number,replaced with the decimal stated in electrode_ratio_raw and the paper,"decimal rule: electrode_ratio_raw explicitly gives a decimal wt% for the component, so the paper-stated decimal replaces the rounded whole-number extraction; paper: 'active materials, super P … and polyvinylidene fluoride in a weight ratio of 92.5:4.5:3'",2026-09-17
nmc-0515,10.1002/advs.202001809,active_material_wt_pct,92,92.5,92.5,92.5:4.5:3,extraction error: rounded whole number,replaced with the decimal stated in electrode_ratio_raw and the paper,"decimal rule: electrode_ratio_raw explicitly gives a decimal wt% for the component, so the paper-stated decimal replaces the rounded whole-number extraction; paper: 'active materials, super P … and polyvinylidene fluoride in a weight ratio of 92.5:4.5:3'",2026-09-17
nmc-0005,10.3390/nano15030156,conductive_additive_wt_pct,7,8,8,88:7:1:4,extraction error: named conductive additive omitted from the sum,conductive additives summed as the paper groups them,additive omitted: paper Table 2 groups Carbon Black and MWCNTs under 'Conductive Additive (wt%)' (88 / 8-x / x / 4); the stored value counted carbon black only; explicitly named conductive additives summed,2026-09-17
nmc-0006,10.3390/nano15030156,conductive_additive_wt_pct,6,8,8,88:6:2:4,extraction error: named conductive additive omitted from the sum,conductive additives summed as the paper groups them,additive omitted: paper Table 2 groups Carbon Black and MWCNTs under 'Conductive Additive (wt%)' (88 / 8-x / x / 4); the stored value counted carbon black only; explicitly named conductive additives summed,2026-09-17
nmc-1604,10.1016/j.ensm.2025.104316,active_material_wt_pct,92,92.5,92.5,92.5: 4:3.5,extraction error: rounded whole number,replaced with the decimal stated in electrode_ratio_raw and the paper,"decimal rule: electrode_ratio_raw explicitly gives a decimal wt% for the component, so the paper-stated decimal replaces the rounded whole-number extraction; paper: 'LNO powder, Super C65 carbon black, and PVDF in the mass ratio 92.5: 4:3.5'",2026-09-17
nmc-1605,10.1016/j.ensm.2025.104316,active_material_wt_pct,92,92.5,92.5,92.5: 4:3.5,extraction error: rounded whole number,replaced with the decimal stated in electrode_ratio_raw and the paper,"decimal rule: electrode_ratio_raw explicitly gives a decimal wt% for the component, so the paper-stated decimal replaces the rounded whole-number extraction; paper: 'LNO powder, Super C65 carbon black, and PVDF in the mass ratio 92.5: 4:3.5'",2026-09-17
nmc-1606,10.1016/j.ensm.2025.104316,active_material_wt_pct,92,92.5,92.5,92.5: 4:3.5,extraction error: rounded whole number,replaced with the decimal stated in electrode_ratio_raw and the paper,"decimal rule: electrode_ratio_raw explicitly gives a decimal wt% for the component, so the paper-stated decimal replaces the rounded whole-number extraction; paper: 'LNO powder, Super C65 carbon black, and PVDF in the mass ratio 92.5: 4:3.5'",2026-09-17
nmc-1936,10.1149/1945-7111/abe5e6,active_material_wt_pct,92,92.5,92.5,92.5:4:3.5,extraction error: rounded whole number,replaced with the decimal stated in electrode_ratio_raw and the paper,"decimal rule: electrode_ratio_raw explicitly gives a decimal wt% for the component, so the paper-stated decimal replaces the rounded whole-number extraction; paper: 'The cathodes consisted of 92.5 wt% CAM …, 4 wt% conductive carbon …, 3.5 wt% polyvinylidene-fluoride binder'",2026-09-17
nmc-0880,10.1002/adfm.202514795,active_material_wt_pct,28,,not established for the cathode,"Cl-cHBC 40 wt.%, graphite 40 wt.%, Super C45 10 wt.%, PVDF 10 wt.%","multiple formulations, wrong one attached (anode composition on cathode rows)",cleared; composition not established for the cathode; cathode sentence kept as raw text,"wrong formulation attached: values came from the Cl-cHBC/graphite hybrid anode (80 wt.% active, 10 wt.% Super C45, 10 wt.% PVDF); 'same procedure' does not establish a composition when the referenced procedure contains formulation details that may belong specifically to the anode, so the cathode composition is not established (28 was unsupported under any reading)",2026-09-17
nmc-0880,10.1002/adfm.202514795,conductive_additive_wt_pct,10,,not established for the cathode,"Cl-cHBC 40 wt.%, graphite 40 wt.%, Super C45 10 wt.%, PVDF 10 wt.%","multiple formulations, wrong one attached (anode composition on cathode rows)",cleared; composition not established for the cathode; cathode sentence kept as raw text,"wrong formulation attached: values came from the Cl-cHBC/graphite hybrid anode (80 wt.% active, 10 wt.% Super C45, 10 wt.% PVDF); 'same procedure' does not establish a composition when the referenced procedure contains formulation details that may belong specifically to the anode, so the cathode composition is not established",2026-09-17
nmc-0880,10.1002/adfm.202514795,binder_wt_pct,10,,not established for the cathode,"Cl-cHBC 40 wt.%, graphite 40 wt.%, Super C45 10 wt.%, PVDF 10 wt.%","multiple formulations, wrong one attached (anode composition on cathode rows)",cleared; composition not established for the cathode; cathode sentence kept as raw text,"wrong formulation attached: values came from the Cl-cHBC/graphite hybrid anode (80 wt.% active, 10 wt.% Super C45, 10 wt.% PVDF); 'same procedure' does not establish a composition when the referenced procedure contains formulation details that may belong specifically to the anode, so the cathode composition is not established",2026-09-17
nmc-0880,10.1002/adfm.202514795,electrode_ratio_raw,"Cl-cHBC 40 wt.%, graphite 40 wt.%, Super C45 10 wt.%, PVDF 10 wt.%","not established for the cathode; paper: 'The SC-NCM811 cathode was prepared using the same procedure as described above, with the only difference being that it was cast onto aluminum foil.'",cathode sentence (verbatim),"Cl-cHBC 40 wt.%, graphite 40 wt.%, Super C45 10 wt.%, PVDF 10 wt.%","multiple formulations, wrong one attached (anode composition on cathode rows)",cleared; composition not established for the cathode; cathode sentence kept as raw text,"wrong formulation attached: values came from the Cl-cHBC/graphite hybrid anode (80 wt.% active, 10 wt.% Super C45, 10 wt.% PVDF); 'same procedure' does not establish a composition when the referenced procedure contains formulation details that may belong specifically to the anode, so the cathode composition is not established; anode composition text replaced by the paper's cathode sentence",2026-09-17
nmc-1136,10.3390/molecules30193947,active_material_wt_pct,96,95.5,95.5,95.5:2.5:2,extraction error: rounded whole number,replaced with the decimal stated in electrode_ratio_raw and the paper,"decimal rule: electrode_ratio_raw explicitly gives a decimal wt% for the component, so the paper-stated decimal replaces the rounded whole-number extraction; paper: 'The NMC811 cathode comprised 95.5 wt% of NMC811 particles, 2.5 wt% of PVdF, and 2 wt% of Super P'; raw order is AM:binder:CA, existing CA 2 and binder 2.5 verified correct",2026-09-17
nmc-0519,10.1002/advs.202001809,active_material_wt_pct,92,92.5,92.5,92.5:4.5:3,extraction error: rounded whole number,replaced with the decimal stated in electrode_ratio_raw and the paper,"decimal rule: electrode_ratio_raw explicitly gives a decimal wt% for the component, so the paper-stated decimal replaces the rounded whole-number extraction; paper: 'active materials, super P … and polyvinylidene fluoride in a weight ratio of 92.5:4.5:3'",2026-09-17
nmc-0520,10.1002/advs.202001809,active_material_wt_pct,92,92.5,92.5,92.5:4.5:3,extraction error: rounded whole number,replaced with the decimal stated in electrode_ratio_raw and the paper,"decimal rule: electrode_ratio_raw explicitly gives a decimal wt% for the component, so the paper-stated decimal replaces the rounded whole-number extraction; paper: 'active materials, super P … and polyvinylidene fluoride in a weight ratio of 92.5:4.5:3'",2026-09-17
nmc-0521,10.1002/advs.202001809,active_material_wt_pct,92,92.5,92.5,92.5:4.5:3,extraction error: rounded whole number,replaced with the decimal stated in electrode_ratio_raw and the paper,"decimal rule: electrode_ratio_raw explicitly gives a decimal wt% for the component, so the paper-stated decimal replaces the rounded whole-number extraction; paper: 'active materials, super P … and polyvinylidene fluoride in a weight ratio of 92.5:4.5:3'",2026-09-17
nmc-0522,10.1002/advs.202001809,active_material_wt_pct,92,92.5,92.5,92.5:4.5:3,extraction error: rounded whole number,replaced with the decimal stated in electrode_ratio_raw and the paper,"decimal rule: electrode_ratio_raw explicitly gives a decimal wt% for the component, so the paper-stated decimal replaces the rounded whole-number extraction; paper: 'active materials, super P … and polyvinylidene fluoride in a weight ratio of 92.5:4.5:3'",2026-09-17
nmc-0881,10.1002/adfm.202514795,active_material_wt_pct,28,,not established for the cathode,"Cl-cHBC 40 wt.%, graphite 40 wt.%, Super C45 10 wt.%, PVDF 10 wt.%","multiple formulations, wrong one attached (anode composition on cathode rows)",cleared; composition not established for the cathode; cathode sentence kept as raw text,"wrong formulation attached: values came from the Cl-cHBC/graphite hybrid anode (80 wt.% active, 10 wt.% Super C45, 10 wt.% PVDF); 'same procedure' does not establish a composition when the referenced procedure contains formulation details that may belong specifically to the anode, so the cathode composition is not established (28 was unsupported under any reading)",2026-09-17
nmc-0881,10.1002/adfm.202514795,conductive_additive_wt_pct,10,,not established for the cathode,"Cl-cHBC 40 wt.%, graphite 40 wt.%, Super C45 10 wt.%, PVDF 10 wt.%","multiple formulations, wrong one attached (anode composition on cathode rows)",cleared; composition not established for the cathode; cathode sentence kept as raw text,"wrong formulation attached: values came from the Cl-cHBC/graphite hybrid anode (80 wt.% active, 10 wt.% Super C45, 10 wt.% PVDF); 'same procedure' does not establish a composition when the referenced procedure contains formulation details that may belong specifically to the anode, so the cathode composition is not established",2026-09-17
nmc-0881,10.1002/adfm.202514795,binder_wt_pct,10,,not established for the cathode,"Cl-cHBC 40 wt.%, graphite 40 wt.%, Super C45 10 wt.%, PVDF 10 wt.%","multiple formulations, wrong one attached (anode composition on cathode rows)",cleared; composition not established for the cathode; cathode sentence kept as raw text,"wrong formulation attached: values came from the Cl-cHBC/graphite hybrid anode (80 wt.% active, 10 wt.% Super C45, 10 wt.% PVDF); 'same procedure' does not establish a composition when the referenced procedure contains formulation details that may belong specifically to the anode, so the cathode composition is not established",2026-09-17
nmc-0881,10.1002/adfm.202514795,electrode_ratio_raw,"Cl-cHBC 40 wt.%, graphite 40 wt.%, Super C45 10 wt.%, PVDF 10 wt.%","not established for the cathode; paper: 'The SC-NCM811 cathode was prepared using the same procedure as described above, with the only difference being that it was cast onto aluminum foil.'",cathode sentence (verbatim),"Cl-cHBC 40 wt.%, graphite 40 wt.%, Super C45 10 wt.%, PVDF 10 wt.%","multiple formulations, wrong one attached (anode composition on cathode rows)",cleared; composition not established for the cathode; cathode sentence kept as raw text,"wrong formulation attached: values came from the Cl-cHBC/graphite hybrid anode (80 wt.% active, 10 wt.% Super C45, 10 wt.% PVDF); 'same procedure' does not establish a composition when the referenced procedure contains formulation details that may belong specifically to the anode, so the cathode composition is not established; anode composition text replaced by the paper's cathode sentence",2026-09-17
nmc-0079,10.1016/j.est.2024.114627,active_material_wt_pct,,99.8,99.8,not_reported,extraction error: paper-stated value not extracted,paper-stated value filled,"value omitted: paper 'electrodes containing 99.8 wt% NCM811 and only 0.2 wt% SWCNTs, acting as both conductive additive and binding agent'; binder left unchanged",2026-09-17
nmc-0079,10.1016/j.est.2024.114627,electrode_ratio_raw,not_reported,"electrodes containing 99.8 wt% NCM811 and only 0.2 wt% SWCNTs, acting as both conductive additive and binding agent","paper wording (verbatim, with note where carried over)",not_reported,raw evidence missing: normalized values present while electrode_ratio_raw read not_reported,electrode_ratio_raw filled with the paper wording behind the normalized values,raw evidence filled: paper wording that establishes active_material_wt_pct 99.8 and conductive_additive_wt_pct 0.2,2026-09-17
nmc-0084,10.1016/j.est.2024.114627,active_material_wt_pct,,99.8,99.8,not_reported,extraction error: paper-stated value not extracted,paper-stated value filled,"value omitted: paper 'electrodes containing 99.8 wt% NCM811 and only 0.2 wt% SWCNTs, acting as both conductive additive and binding agent'; binder left unchanged",2026-09-17
nmc-0084,10.1016/j.est.2024.114627,electrode_ratio_raw,not_reported,"electrodes containing 99.8 wt% NCM811 and only 0.2 wt% SWCNTs, acting as both conductive additive and binding agent","paper wording (verbatim, with note where carried over)",not_reported,raw evidence missing: normalized values present while electrode_ratio_raw read not_reported,electrode_ratio_raw filled with the paper wording behind the normalized values,raw evidence filled: paper wording that establishes active_material_wt_pct 99.8 and conductive_additive_wt_pct 0.2,2026-09-17
nmc-0715,10.1002/batt.70329,active_material_wt_pct,11,,not established,"85-94 wt% NMC622, 3 wt% carbon black, 3 wt% PVDF-HFP, with cE",extraction error: value not in paper,cleared; uncertainty preserved in electrode_ratio_raw,"extraction error: 11 appears nowhere in the paper; the Experimental section gives NMC622 '85–94 wt%' across all samples, so the active wt% of the 10 wt% cE electrode is not established; range kept in electrode_ratio_raw",2026-09-17
nmc-1607,10.1016/j.ensm.2025.104316,active_material_wt_pct,92,92.5,92.5,92.5: 4:3.5,extraction error: rounded whole number,replaced with the decimal stated in electrode_ratio_raw and the paper,"decimal rule: electrode_ratio_raw explicitly gives a decimal wt% for the component, so the paper-stated decimal replaces the rounded whole-number extraction; paper: 'LNO powder, Super C65 carbon black, and PVDF in the mass ratio 92.5: 4:3.5'",2026-09-17
nmc-1937,10.1149/1945-7111/abe5e6,active_material_wt_pct,92,92.5,92.5,92.5:4:3.5,extraction error: rounded whole number,replaced with the decimal stated in electrode_ratio_raw and the paper,"decimal rule: electrode_ratio_raw explicitly gives a decimal wt% for the component, so the paper-stated decimal replaces the rounded whole-number extraction; paper: 'The cathodes consisted of 92.5 wt% CAM …, 4 wt% conductive carbon …, 3.5 wt% polyvinylidene-fluoride binder'",2026-09-17
nmc-0710,10.1002/batt.70329,active_material_wt_pct,11,,not established,"85-94 wt% NMC622, 3 wt% carbon black, 3 wt% PVDF-HFP, with cE",extraction error: value not in paper,cleared; uncertainty preserved in electrode_ratio_raw,"extraction error: 11 appears nowhere in the paper; the Experimental section gives NMC622 '85–94 wt%' across all samples, so the active wt% of the 10 wt% cE electrode is not established; range kept in electrode_ratio_raw",2026-09-17
nmc-0524,10.1002/advs.202001809,active_material_wt_pct,92,92.5,92.5,92.5:4.5:3,extraction error: rounded whole number,replaced with the decimal stated in electrode_ratio_raw and the paper,"decimal rule: electrode_ratio_raw explicitly gives a decimal wt% for the component, so the paper-stated decimal replaces the rounded whole-number extraction; paper: 'active materials, super P … and polyvinylidene fluoride in a weight ratio of 92.5:4.5:3'",2026-09-17
nmc-1134,10.3390/molecules30193947,active_material_wt_pct,96,95.5,95.5,95.5:2.5:2,extraction error: rounded whole number,replaced with the decimal stated in electrode_ratio_raw and the paper,"decimal rule: electrode_ratio_raw explicitly gives a decimal wt% for the component, so the paper-stated decimal replaces the rounded whole-number extraction; paper: 'The NMC811 cathode comprised 95.5 wt% of NMC811 particles, 2.5 wt% of PVdF, and 2 wt% of Super P'; raw order is AM:binder:CA, existing CA 2 and binder 2.5 verified correct",2026-09-17
nmc-0523,10.1002/advs.202001809,active_material_wt_pct,92,92.5,92.5,92.5:4.5:3,extraction error: rounded whole number,replaced with the decimal stated in electrode_ratio_raw and the paper,"decimal rule: electrode_ratio_raw explicitly gives a decimal wt% for the component, so the paper-stated decimal replaces the rounded whole-number extraction; paper: 'active materials, super P … and polyvinylidene fluoride in a weight ratio of 92.5:4.5:3'",2026-09-17
nmc-0082,10.1016/j.est.2024.114627,active_material_wt_pct,,99.8,99.8,not_reported,extraction error: paper-stated value not extracted,paper-stated value filled,"value omitted: paper 'electrodes containing 99.8 wt% NCM811 and only 0.2 wt% SWCNTs, acting as both conductive additive and binding agent'; binder left unchanged",2026-09-17
nmc-0082,10.1016/j.est.2024.114627,electrode_ratio_raw,not_reported,"electrodes containing 99.8 wt% NCM811 and only 0.2 wt% SWCNTs, acting as both conductive additive and binding agent","paper wording (verbatim, with note where carried over)",not_reported,raw evidence missing: normalized values present while electrode_ratio_raw read not_reported,electrode_ratio_raw filled with the paper wording behind the normalized values,raw evidence filled: paper wording that establishes active_material_wt_pct 99.8 and conductive_additive_wt_pct 0.2,2026-09-17
nmc-0568,10.3390/batteries10100354,active_material_wt_pct,93,92.6,92.6,92.6:2.8:1.8:2.8,extraction error: rounded whole number,replaced with the decimal stated in electrode_ratio_raw and the paper,"decimal rule: electrode_ratio_raw explicitly gives a decimal wt% for the component, so the paper-stated decimal replaces the rounded whole-number extraction; paper: 'NMC 622: carbon black: Na-CMC: TRD 202A = 92.6:2.8:1.8:2.8'",2026-09-17
nmc-0566,10.3390/batteries10100354,active_material_wt_pct,93,92.6,92.6,92.6:2.8:1.8:2.8,extraction error: rounded whole number,replaced with the decimal stated in electrode_ratio_raw and the paper,"decimal rule: electrode_ratio_raw explicitly gives a decimal wt% for the component, so the paper-stated decimal replaces the rounded whole-number extraction; paper: 'NMC 622: carbon black: Na-CMC: TRD 202A = 92.6:2.8:1.8:2.8'",2026-09-17
nmc-0712,10.1002/batt.70329,active_material_wt_pct,11,,not established,"85-94 wt% NMC622, 3 wt% carbon black, 3 wt% PVDF-HFP, with cE",extraction error: value not in paper,cleared; uncertainty preserved in electrode_ratio_raw,"extraction error: 11 appears nowhere in the paper; the Experimental section gives NMC622 '85–94 wt%' across all samples, so the active wt% of the 10 wt% cE electrode is not established; range kept in electrode_ratio_raw",2026-09-17
nmc-0010,10.3390/nano15030156,conductive_additive_wt_pct,6,8,8,88:6:2:4,extraction error: named conductive additive omitted from the sum,conductive additives summed as the paper groups them,additive omitted: paper Table 2 groups Carbon Black and MWCNTs under 'Conductive Additive (wt%)' (88 / 8-x / x / 4); the stored value counted carbon black only; explicitly named conductive additives summed,2026-09-17
nmc-0957,10.3390/nano13020327,conductive_additive_wt_pct,,3,3,67:3:30,extraction error: paper-stated value not extracted,paper-stated value filled,"value omitted: paper 'relative weight ratio of AM:CA:SE = 67:3:30 (active material = AM, conducting additive = CA, solid electrolyte = SE)'",2026-09-17
nmc-0569,10.3390/batteries10100354,active_material_wt_pct,93,92.6,92.6,92.6:2.8:1.8:2.8,extraction error: rounded whole number,replaced with the decimal stated in electrode_ratio_raw and the paper,"decimal rule: electrode_ratio_raw explicitly gives a decimal wt% for the component, so the paper-stated decimal replaces the rounded whole-number extraction; paper: 'NMC 622: carbon black: Na-CMC: TRD 202A = 92.6:2.8:1.8:2.8'",2026-09-17
nmc-0570,10.3390/batteries10100354,active_material_wt_pct,93,92.6,92.6,92.6:2.8:1.8:2.8,extraction error: rounded whole number,replaced with the decimal stated in electrode_ratio_raw and the paper,"decimal rule: electrode_ratio_raw explicitly gives a decimal wt% for the component, so the paper-stated decimal replaces the rounded whole-number extraction; paper: 'NMC 622: carbon black: Na-CMC: TRD 202A = 92.6:2.8:1.8:2.8'",2026-09-17
nmc-0711,10.1002/batt.70329,active_material_wt_pct,11,,not established,"85-94 wt% NMC622, 3 wt% carbon black, 3 wt% PVDF-HFP, with cE",extraction error: value not in paper,cleared; uncertainty preserved in electrode_ratio_raw,"extraction error: 11 appears nowhere in the paper; the Experimental section gives NMC622 '85–94 wt%' across all samples, so the active wt% of the 10 wt% cE electrode is not established; range kept in electrode_ratio_raw",2026-09-17
nmc-0718,10.1002/batt.70329,active_material_wt_pct,11,,not established,"85-94 wt% NMC622, 3 wt% carbon black, 3 wt% PVDF-HFP, with cE",extraction error: value not in paper,cleared; uncertainty preserved in electrode_ratio_raw,"extraction error: 11 appears nowhere in the paper; the Experimental section gives NMC622 '85–94 wt%' across all samples, so the active wt% of the 10 wt% cE electrode is not established; range kept in electrode_ratio_raw",2026-09-17
nmc-1133,10.3390/molecules30193947,active_material_wt_pct,96,95.5,95.5,95.5:2.5:2,extraction error: rounded whole number,replaced with the decimal stated in electrode_ratio_raw and the paper,"decimal rule: electrode_ratio_raw explicitly gives a decimal wt% for the component, so the paper-stated decimal replaces the rounded whole-number extraction; paper: 'The NMC811 cathode comprised 95.5 wt% of NMC811 particles, 2.5 wt% of PVdF, and 2 wt% of Super P'; raw order is AM:binder:CA, existing CA 2 and binder 2.5 verified correct",2026-09-17
nmc-0716,10.1002/batt.70329,active_material_wt_pct,11,,not established,"85-94 wt% NMC622, 3 wt% carbon black, 3 wt% PVDF-HFP, with cE",extraction error: value not in paper,cleared; uncertainty preserved in electrode_ratio_raw,"extraction error: 11 appears nowhere in the paper; the Experimental section gives NMC622 '85–94 wt%' across all samples, so the active wt% of the 10 wt% cE electrode is not established; range kept in electrode_ratio_raw",2026-09-17
nmc-0882,10.1002/adfm.202514795,active_material_wt_pct,28,,not established for the cathode,"Cl-cHBC 40 wt.%, graphite 40 wt.%, Super C45 10 wt.%, PVDF 10 wt.%","multiple formulations, wrong one attached (anode composition on cathode rows)",cleared; composition not established for the cathode; cathode sentence kept as raw text,"wrong formulation attached: values came from the Cl-cHBC/graphite hybrid anode (80 wt.% active, 10 wt.% Super C45, 10 wt.% PVDF); 'same procedure' does not establish a composition when the referenced procedure contains formulation details that may belong specifically to the anode, so the cathode composition is not established (28 was unsupported under any reading)",2026-09-17
nmc-0882,10.1002/adfm.202514795,conductive_additive_wt_pct,10,,not established for the cathode,"Cl-cHBC 40 wt.%, graphite 40 wt.%, Super C45 10 wt.%, PVDF 10 wt.%","multiple formulations, wrong one attached (anode composition on cathode rows)",cleared; composition not established for the cathode; cathode sentence kept as raw text,"wrong formulation attached: values came from the Cl-cHBC/graphite hybrid anode (80 wt.% active, 10 wt.% Super C45, 10 wt.% PVDF); 'same procedure' does not establish a composition when the referenced procedure contains formulation details that may belong specifically to the anode, so the cathode composition is not established",2026-09-17
nmc-0882,10.1002/adfm.202514795,binder_wt_pct,10,,not established for the cathode,"Cl-cHBC 40 wt.%, graphite 40 wt.%, Super C45 10 wt.%, PVDF 10 wt.%","multiple formulations, wrong one attached (anode composition on cathode rows)",cleared; composition not established for the cathode; cathode sentence kept as raw text,"wrong formulation attached: values came from the Cl-cHBC/graphite hybrid anode (80 wt.% active, 10 wt.% Super C45, 10 wt.% PVDF); 'same procedure' does not establish a composition when the referenced procedure contains formulation details that may belong specifically to the anode, so the cathode composition is not established",2026-09-17
nmc-0882,10.1002/adfm.202514795,electrode_ratio_raw,"Cl-cHBC 40 wt.%, graphite 40 wt.%, Super C45 10 wt.%, PVDF 10 wt.%","not established for the cathode; paper: 'The SC-NCM811 cathode was prepared using the same procedure as described above, with the only difference being that it was cast onto aluminum foil.'",cathode sentence (verbatim),"Cl-cHBC 40 wt.%, graphite 40 wt.%, Super C45 10 wt.%, PVDF 10 wt.%","multiple formulations, wrong one attached (anode composition on cathode rows)",cleared; composition not established for the cathode; cathode sentence kept as raw text,"wrong formulation attached: values came from the Cl-cHBC/graphite hybrid anode (80 wt.% active, 10 wt.% Super C45, 10 wt.% PVDF); 'same procedure' does not establish a composition when the referenced procedure contains formulation details that may belong specifically to the anode, so the cathode composition is not established; anode composition text replaced by the paper's cathode sentence",2026-09-17
nmc-0713,10.1002/batt.70329,active_material_wt_pct,11,,not established,"85-94 wt% NMC622, 3 wt% carbon black, 3 wt% PVDF-HFP, with cE",extraction error: value not in paper,cleared; uncertainty preserved in electrode_ratio_raw,"extraction error: 11 appears nowhere in the paper; the Experimental section gives NMC622 '85–94 wt%' across all samples, so the active wt% of the 10 wt% cE electrode is not established; range kept in electrode_ratio_raw",2026-09-17
nmc-1589,10.1002/ente.202100985,active_material_wt_pct,89,89.29,89.29,89.29:3.57:3.57:3.57 (NCM:graphite:CB:PVDF),extraction error: rounded whole number,replaced with the decimal stated in electrode_ratio_raw and the paper,"decimal rule: electrode_ratio_raw explicitly gives a decimal wt% for the component, so the paper-stated decimal replaces the rounded whole-number extraction; paper Table 2: NCM 89,29 / Graphite 3,57 / CB 3,57 / PVDF 3,57 wt%",2026-09-17
nmc-0719,10.1002/batt.70329,active_material_wt_pct,11,,not established,"85-94 wt% NMC622, 3 wt% carbon black, 3 wt% PVDF-HFP, with cE",extraction error: value not in paper,cleared; uncertainty preserved in electrode_ratio_raw,"extraction error: 11 appears nowhere in the paper; the Experimental section gives NMC622 '85–94 wt%' across all samples, so the active wt% of the 10 wt% cE electrode is not established; range kept in electrode_ratio_raw",2026-09-17
nmc-0883,10.1002/adfm.202514795,active_material_wt_pct,28,,not established for the cathode,"Cl-cHBC 40 wt.%, graphite 40 wt.%, Super C45 10 wt.%, PVDF 10 wt.%","multiple formulations, wrong one attached (anode composition on cathode rows)",cleared; composition not established for the cathode; cathode sentence kept as raw text,"wrong formulation attached: values came from the Cl-cHBC/graphite hybrid anode (80 wt.% active, 10 wt.% Super C45, 10 wt.% PVDF); 'same procedure' does not establish a composition when the referenced procedure contains formulation details that may belong specifically to the anode, so the cathode composition is not established (28 was unsupported under any reading)",2026-09-17
nmc-0883,10.1002/adfm.202514795,conductive_additive_wt_pct,10,,not established for the cathode,"Cl-cHBC 40 wt.%, graphite 40 wt.%, Super C45 10 wt.%, PVDF 10 wt.%","multiple formulations, wrong one attached (anode composition on cathode rows)",cleared; composition not established for the cathode; cathode sentence kept as raw text,"wrong formulation attached: values came from the Cl-cHBC/graphite hybrid anode (80 wt.% active, 10 wt.% Super C45, 10 wt.% PVDF); 'same procedure' does not establish a composition when the referenced procedure contains formulation details that may belong specifically to the anode, so the cathode composition is not established",2026-09-17
nmc-0883,10.1002/adfm.202514795,binder_wt_pct,10,,not established for the cathode,"Cl-cHBC 40 wt.%, graphite 40 wt.%, Super C45 10 wt.%, PVDF 10 wt.%","multiple formulations, wrong one attached (anode composition on cathode rows)",cleared; composition not established for the cathode; cathode sentence kept as raw text,"wrong formulation attached: values came from the Cl-cHBC/graphite hybrid anode (80 wt.% active, 10 wt.% Super C45, 10 wt.% PVDF); 'same procedure' does not establish a composition when the referenced procedure contains formulation details that may belong specifically to the anode, so the cathode composition is not established",2026-09-17
nmc-0883,10.1002/adfm.202514795,electrode_ratio_raw,"Cl-cHBC 40 wt.%, graphite 40 wt.%, Super C45 10 wt.%, PVDF 10 wt.%","not established for the cathode; paper: 'The SC-NCM811 cathode was prepared using the same procedure as described above, with the only difference being that it was cast onto aluminum foil.'",cathode sentence (verbatim),"Cl-cHBC 40 wt.%, graphite 40 wt.%, Super C45 10 wt.%, PVDF 10 wt.%","multiple formulations, wrong one attached (anode composition on cathode rows)",cleared; composition not established for the cathode; cathode sentence kept as raw text,"wrong formulation attached: values came from the Cl-cHBC/graphite hybrid anode (80 wt.% active, 10 wt.% Super C45, 10 wt.% PVDF); 'same procedure' does not establish a composition when the referenced procedure contains formulation details that may belong specifically to the anode, so the cathode composition is not established; anode composition text replaced by the paper's cathode sentence",2026-09-17
nmc-0887,10.1002/adfm.202514795,active_material_wt_pct,28,,not established for the cathode,"Cl-cHBC 40 wt.%, graphite 40 wt.%, Super C45 10 wt.%, PVDF 10 wt.%","multiple formulations, wrong one attached (anode composition on cathode rows)",cleared; composition not established for the cathode; cathode sentence kept as raw text,"wrong formulation attached: values came from the Cl-cHBC/graphite hybrid anode (80 wt.% active, 10 wt.% Super C45, 10 wt.% PVDF); 'same procedure' does not establish a composition when the referenced procedure contains formulation details that may belong specifically to the anode, so the cathode composition is not established (28 was unsupported under any reading)",2026-09-17
nmc-0887,10.1002/adfm.202514795,conductive_additive_wt_pct,10,,not established for the cathode,"Cl-cHBC 40 wt.%, graphite 40 wt.%, Super C45 10 wt.%, PVDF 10 wt.%","multiple formulations, wrong one attached (anode composition on cathode rows)",cleared; composition not established for the cathode; cathode sentence kept as raw text,"wrong formulation attached: values came from the Cl-cHBC/graphite hybrid anode (80 wt.% active, 10 wt.% Super C45, 10 wt.% PVDF); 'same procedure' does not establish a composition when the referenced procedure contains formulation details that may belong specifically to the anode, so the cathode composition is not established",2026-09-17
nmc-0887,10.1002/adfm.202514795,binder_wt_pct,10,,not established for the cathode,"Cl-cHBC 40 wt.%, graphite 40 wt.%, Super C45 10 wt.%, PVDF 10 wt.%","multiple formulations, wrong one attached (anode composition on cathode rows)",cleared; composition not established for the cathode; cathode sentence kept as raw text,"wrong formulation attached: values came from the Cl-cHBC/graphite hybrid anode (80 wt.% active, 10 wt.% Super C45, 10 wt.% PVDF); 'same procedure' does not establish a composition when the referenced procedure contains formulation details that may belong specifically to the anode, so the cathode composition is not established",2026-09-17
nmc-0887,10.1002/adfm.202514795,electrode_ratio_raw,"Cl-cHBC 40 wt.%, graphite 40 wt.%, Super C45 10 wt.%, PVDF 10 wt.%","not established for the cathode; paper: 'The SC-NCM811 cathode was prepared using the same procedure as described above, with the only difference being that it was cast onto aluminum foil.'",cathode sentence (verbatim),"Cl-cHBC 40 wt.%, graphite 40 wt.%, Super C45 10 wt.%, PVDF 10 wt.%","multiple formulations, wrong one attached (anode composition on cathode rows)",cleared; composition not established for the cathode; cathode sentence kept as raw text,"wrong formulation attached: values came from the Cl-cHBC/graphite hybrid anode (80 wt.% active, 10 wt.% Super C45, 10 wt.% PVDF); 'same procedure' does not establish a composition when the referenced procedure contains formulation details that may belong specifically to the anode, so the cathode composition is not established; anode composition text replaced by the paper's cathode sentence",2026-09-17
nmc-1590,10.1002/ente.202100985,active_material_wt_pct,89,89.29,89.29,89.29:3.57:3.57:3.57 (NCM:graphite:CB:PVDF),extraction error: rounded whole number,replaced with the decimal stated in electrode_ratio_raw and the paper,"decimal rule: electrode_ratio_raw explicitly gives a decimal wt% for the component, so the paper-stated decimal replaces the rounded whole-number extraction; paper Table 2: NCM 89,29 / Graphite 3,57 / CB 3,57 / PVDF 3,57 wt%",2026-09-17
nmc-1920,10.1038/s41598-021-84799-1,conductive_additive_wt_pct,0.1,1,1,7:2.9:0.1,extraction error: fields normalized on different scales,all parts normalized with the same factor,"mixed scale: paper 'cathode composites were prepared by milling mixtures 7:2.9:0.1 by weight of NCM622, β-Li3PS4 or Li6PS5Cl and Super C65 carbon black'; ratio normalized to 100 by multiplying every part by 100/10 = 10 (AM 7 -> 70, SE 2.9 -> 29, CA 0.1 -> 1); AM had been scaled but CA had not",2026-09-17
nmc-1135,10.3390/molecules30193947,active_material_wt_pct,96,95.5,95.5,95.5:2.5:2,extraction error: rounded whole number,replaced with the decimal stated in electrode_ratio_raw and the paper,"decimal rule: electrode_ratio_raw explicitly gives a decimal wt% for the component, so the paper-stated decimal replaces the rounded whole-number extraction; paper: 'The NMC811 cathode comprised 95.5 wt% of NMC811 particles, 2.5 wt% of PVdF, and 2 wt% of Super P'; raw order is AM:binder:CA, existing CA 2 and binder 2.5 verified correct",2026-09-17
nmc-0009,10.3390/nano15030156,conductive_additive_wt_pct,7,8,8,88:7:1:4,extraction error: named conductive additive omitted from the sum,conductive additives summed as the paper groups them,additive omitted: paper Table 2 groups Carbon Black and MWCNTs under 'Conductive Additive (wt%)' (88 / 8-x / x / 4); the stored value counted carbon black only; explicitly named conductive additives summed,2026-09-17
nmc-1922,10.1038/s41598-021-84799-1,conductive_additive_wt_pct,0.1,1,1,7:2.9:0.1,extraction error: fields normalized on different scales,all parts normalized with the same factor,"mixed scale: paper 'cathode composites were prepared by milling mixtures 7:2.9:0.1 by weight of NCM622, β-Li3PS4 or Li6PS5Cl and Super C65 carbon black'; ratio normalized to 100 by multiplying every part by 100/10 = 10 (AM 7 -> 70, SE 2.9 -> 29, CA 0.1 -> 1); AM had been scaled but CA had not",2026-09-17
nmc-0889,10.1002/adfm.202514795,active_material_wt_pct,28,,not established for the cathode,"Cl-cHBC 40 wt.%, graphite 40 wt.%, Super C45 10 wt.%, PVDF 10 wt.%","multiple formulations, wrong one attached (anode composition on cathode rows)",cleared; composition not established for the cathode; cathode sentence kept as raw text,"wrong formulation attached: values came from the Cl-cHBC/graphite hybrid anode (80 wt.% active, 10 wt.% Super C45, 10 wt.% PVDF); 'same procedure' does not establish a composition when the referenced procedure contains formulation details that may belong specifically to the anode, so the cathode composition is not established (28 was unsupported under any reading)",2026-09-17
nmc-0889,10.1002/adfm.202514795,conductive_additive_wt_pct,10,,not established for the cathode,"Cl-cHBC 40 wt.%, graphite 40 wt.%, Super C45 10 wt.%, PVDF 10 wt.%","multiple formulations, wrong one attached (anode composition on cathode rows)",cleared; composition not established for the cathode; cathode sentence kept as raw text,"wrong formulation attached: values came from the Cl-cHBC/graphite hybrid anode (80 wt.% active, 10 wt.% Super C45, 10 wt.% PVDF); 'same procedure' does not establish a composition when the referenced procedure contains formulation details that may belong specifically to the anode, so the cathode composition is not established",2026-09-17
nmc-0889,10.1002/adfm.202514795,binder_wt_pct,10,,not established for the cathode,"Cl-cHBC 40 wt.%, graphite 40 wt.%, Super C45 10 wt.%, PVDF 10 wt.%","multiple formulations, wrong one attached (anode composition on cathode rows)",cleared; composition not established for the cathode; cathode sentence kept as raw text,"wrong formulation attached: values came from the Cl-cHBC/graphite hybrid anode (80 wt.% active, 10 wt.% Super C45, 10 wt.% PVDF); 'same procedure' does not establish a composition when the referenced procedure contains formulation details that may belong specifically to the anode, so the cathode composition is not established",2026-09-17
nmc-0889,10.1002/adfm.202514795,electrode_ratio_raw,"Cl-cHBC 40 wt.%, graphite 40 wt.%, Super C45 10 wt.%, PVDF 10 wt.%","not established for the cathode; paper: 'The SC-NCM811 cathode was prepared using the same procedure as described above, with the only difference being that it was cast onto aluminum foil.'",cathode sentence (verbatim),"Cl-cHBC 40 wt.%, graphite 40 wt.%, Super C45 10 wt.%, PVDF 10 wt.%","multiple formulations, wrong one attached (anode composition on cathode rows)",cleared; composition not established for the cathode; cathode sentence kept as raw text,"wrong formulation attached: values came from the Cl-cHBC/graphite hybrid anode (80 wt.% active, 10 wt.% Super C45, 10 wt.% PVDF); 'same procedure' does not establish a composition when the referenced procedure contains formulation details that may belong specifically to the anode, so the cathode composition is not established; anode composition text replaced by the paper's cathode sentence",2026-09-17
nmc-0717,10.1002/batt.70329,active_material_wt_pct,11,,not established,"85-94 wt% NMC622, 3 wt% carbon black, 3 wt% PVDF-HFP, with cE",extraction error: value not in paper,cleared; uncertainty preserved in electrode_ratio_raw,"extraction error: 11 appears nowhere in the paper; the Experimental section gives NMC622 '85–94 wt%' across all samples, so the active wt% of the 10 wt% cE electrode is not established; range kept in electrode_ratio_raw",2026-09-17
nmc-0714,10.1002/batt.70329,active_material_wt_pct,11,,not established,"85-94 wt% NMC622, 3 wt% carbon black, 3 wt% PVDF-HFP, with cE",extraction error: value not in paper,cleared; uncertainty preserved in electrode_ratio_raw,"extraction error: 11 appears nowhere in the paper; the Experimental section gives NMC622 '85–94 wt%' across all samples, so the active wt% of the 10 wt% cE electrode is not established; range kept in electrode_ratio_raw",2026-09-17
nmc-0525,10.1002/advs.202001809,active_material_wt_pct,92,92.5,92.5,92.5:4.5:3,extraction error: rounded whole number,replaced with the decimal stated in electrode_ratio_raw and the paper,"decimal rule: electrode_ratio_raw explicitly gives a decimal wt% for the component, so the paper-stated decimal replaces the rounded whole-number extraction; paper: 'active materials, super P … and polyvinylidene fluoride in a weight ratio of 92.5:4.5:3'",2026-09-17
nmc-1919,10.1038/s41598-021-84799-1,conductive_additive_wt_pct,0.1,1,1,7:2.9:0.1,extraction error: fields normalized on different scales,all parts normalized with the same factor,"mixed scale: paper 'cathode composites were prepared by milling mixtures 7:2.9:0.1 by weight of NCM622, β-Li3PS4 or Li6PS5Cl and Super C65 carbon black'; ratio normalized to 100 by multiplying every part by 100/10 = 10 (AM 7 -> 70, SE 2.9 -> 29, CA 0.1 -> 1); AM had been scaled but CA had not",2026-09-17
nmc-0884,10.1002/adfm.202514795,active_material_wt_pct,28,,not established for the cathode,"Cl-cHBC 40 wt.%, graphite 40 wt.%, Super C45 10 wt.%, PVDF 10 wt.%","multiple formulations, wrong one attached (anode composition on cathode rows)",cleared; composition not established for the cathode; cathode sentence kept as raw text,"wrong formulation attached: values came from the Cl-cHBC/graphite hybrid anode (80 wt.% active, 10 wt.% Super C45, 10 wt.% PVDF); 'same procedure' does not establish a composition when the referenced procedure contains formulation details that may belong specifically to the anode, so the cathode composition is not established (28 was unsupported under any reading)",2026-09-17
nmc-0884,10.1002/adfm.202514795,conductive_additive_wt_pct,10,,not established for the cathode,"Cl-cHBC 40 wt.%, graphite 40 wt.%, Super C45 10 wt.%, PVDF 10 wt.%","multiple formulations, wrong one attached (anode composition on cathode rows)",cleared; composition not established for the cathode; cathode sentence kept as raw text,"wrong formulation attached: values came from the Cl-cHBC/graphite hybrid anode (80 wt.% active, 10 wt.% Super C45, 10 wt.% PVDF); 'same procedure' does not establish a composition when the referenced procedure contains formulation details that may belong specifically to the anode, so the cathode composition is not established",2026-09-17
nmc-0884,10.1002/adfm.202514795,binder_wt_pct,10,,not established for the cathode,"Cl-cHBC 40 wt.%, graphite 40 wt.%, Super C45 10 wt.%, PVDF 10 wt.%","multiple formulations, wrong one attached (anode composition on cathode rows)",cleared; composition not established for the cathode; cathode sentence kept as raw text,"wrong formulation attached: values came from the Cl-cHBC/graphite hybrid anode (80 wt.% active, 10 wt.% Super C45, 10 wt.% PVDF); 'same procedure' does not establish a composition when the referenced procedure contains formulation details that may belong specifically to the anode, so the cathode composition is not established",2026-09-17
nmc-0884,10.1002/adfm.202514795,electrode_ratio_raw,"Cl-cHBC 40 wt.%, graphite 40 wt.%, Super C45 10 wt.%, PVDF 10 wt.%","not established for the cathode; paper: 'The SC-NCM811 cathode was prepared using the same procedure as described above, with the only difference being that it was cast onto aluminum foil.'",cathode sentence (verbatim),"Cl-cHBC 40 wt.%, graphite 40 wt.%, Super C45 10 wt.%, PVDF 10 wt.%","multiple formulations, wrong one attached (anode composition on cathode rows)",cleared; composition not established for the cathode; cathode sentence kept as raw text,"wrong formulation attached: values came from the Cl-cHBC/graphite hybrid anode (80 wt.% active, 10 wt.% Super C45, 10 wt.% PVDF); 'same procedure' does not establish a composition when the referenced procedure contains formulation details that may belong specifically to the anode, so the cathode composition is not established; anode composition text replaced by the paper's cathode sentence",2026-09-17
nmc-1918,10.1038/s41598-021-84799-1,conductive_additive_wt_pct,0.1,1,1,7:2.9:0.1,extraction error: fields normalized on different scales,all parts normalized with the same factor,"mixed scale: paper 'cathode composites were prepared by milling mixtures 7:2.9:0.1 by weight of NCM622, β-Li3PS4 or Li6PS5Cl and Super C65 carbon black'; ratio normalized to 100 by multiplying every part by 100/10 = 10 (AM 7 -> 70, SE 2.9 -> 29, CA 0.1 -> 1); AM had been scaled but CA had not",2026-09-17
nmc-0720,10.1002/batt.70329,active_material_wt_pct,11,,not established,"85-94 wt% NMC622, 3 wt% carbon black, 3 wt% PVDF-HFP, with cE",extraction error: value not in paper,cleared; uncertainty preserved in electrode_ratio_raw,"extraction error: 11 appears nowhere in the paper; the Experimental section gives NMC622 '85–94 wt%' across all samples, so the active wt% of the 10 wt% cE electrode is not established; range kept in electrode_ratio_raw",2026-09-17
nmc-0958,10.3390/nano13020327,conductive_additive_wt_pct,,3,3,67:3:30,extraction error: paper-stated value not extracted,paper-stated value filled,"value omitted: paper 'relative weight ratio of AM:CA:SE = 67:3:30 (active material = AM, conducting additive = CA, solid electrolyte = SE)'",2026-09-17
nmc-0888,10.1002/adfm.202514795,active_material_wt_pct,28,,not established for the cathode,"Cl-cHBC 40 wt.%, graphite 40 wt.%, Super C45 10 wt.%, PVDF 10 wt.%","multiple formulations, wrong one attached (anode composition on cathode rows)",cleared; composition not established for the cathode; cathode sentence kept as raw text,"wrong formulation attached: values came from the Cl-cHBC/graphite hybrid anode (80 wt.% active, 10 wt.% Super C45, 10 wt.% PVDF); 'same procedure' does not establish a composition when the referenced procedure contains formulation details that may belong specifically to the anode, so the cathode composition is not established (28 was unsupported under any reading)",2026-09-17
nmc-0888,10.1002/adfm.202514795,conductive_additive_wt_pct,10,,not established for the cathode,"Cl-cHBC 40 wt.%, graphite 40 wt.%, Super C45 10 wt.%, PVDF 10 wt.%","multiple formulations, wrong one attached (anode composition on cathode rows)",cleared; composition not established for the cathode; cathode sentence kept as raw text,"wrong formulation attached: values came from the Cl-cHBC/graphite hybrid anode (80 wt.% active, 10 wt.% Super C45, 10 wt.% PVDF); 'same procedure' does not establish a composition when the referenced procedure contains formulation details that may belong specifically to the anode, so the cathode composition is not established",2026-09-17
nmc-0888,10.1002/adfm.202514795,binder_wt_pct,10,,not established for the cathode,"Cl-cHBC 40 wt.%, graphite 40 wt.%, Super C45 10 wt.%, PVDF 10 wt.%","multiple formulations, wrong one attached (anode composition on cathode rows)",cleared; composition not established for the cathode; cathode sentence kept as raw text,"wrong formulation attached: values came from the Cl-cHBC/graphite hybrid anode (80 wt.% active, 10 wt.% Super C45, 10 wt.% PVDF); 'same procedure' does not establish a composition when the referenced procedure contains formulation details that may belong specifically to the anode, so the cathode composition is not established",2026-09-17
nmc-0888,10.1002/adfm.202514795,electrode_ratio_raw,"Cl-cHBC 40 wt.%, graphite 40 wt.%, Super C45 10 wt.%, PVDF 10 wt.%","not established for the cathode; paper: 'The SC-NCM811 cathode was prepared using the same procedure as described above, with the only difference being that it was cast onto aluminum foil.'",cathode sentence (verbatim),"Cl-cHBC 40 wt.%, graphite 40 wt.%, Super C45 10 wt.%, PVDF 10 wt.%","multiple formulations, wrong one attached (anode composition on cathode rows)",cleared; composition not established for the cathode; cathode sentence kept as raw text,"wrong formulation attached: values came from the Cl-cHBC/graphite hybrid anode (80 wt.% active, 10 wt.% Super C45, 10 wt.% PVDF); 'same procedure' does not establish a composition when the referenced procedure contains formulation details that may belong specifically to the anode, so the cathode composition is not established; anode composition text replaced by the paper's cathode sentence",2026-09-17
nmc-1591,10.1002/ente.202100985,active_material_wt_pct,89,89.29,89.29,89.29:3.57:3.57:3.57 (NCM:graphite:CB:PVDF),extraction error: rounded whole number,replaced with the decimal stated in electrode_ratio_raw and the paper,"decimal rule: electrode_ratio_raw explicitly gives a decimal wt% for the component, so the paper-stated decimal replaces the rounded whole-number extraction; paper Table 2: NCM 89,29 / Graphite 3,57 / CB 3,57 / PVDF 3,57 wt%",2026-09-17
nmc-1923,10.1038/s41598-021-84799-1,conductive_additive_wt_pct,0.1,1,1,7:2.9:0.1,extraction error: fields normalized on different scales,all parts normalized with the same factor,"mixed scale: paper 'cathode composites were prepared by milling mixtures 7:2.9:0.1 by weight of NCM622, β-Li3PS4 or Li6PS5Cl and Super C65 carbon black'; ratio normalized to 100 by multiplying every part by 100/10 = 10 (AM 7 -> 70, SE 2.9 -> 29, CA 0.1 -> 1); AM had been scaled but CA had not",2026-09-17
nmc-0885,10.1002/adfm.202514795,active_material_wt_pct,28,,not established for the cathode,"Cl-cHBC 40 wt.%, graphite 40 wt.%, Super C45 10 wt.%, PVDF 10 wt.%","multiple formulations, wrong one attached (anode composition on cathode rows)",cleared; composition not established for the cathode; cathode sentence kept as raw text,"wrong formulation attached: values came from the Cl-cHBC/graphite hybrid anode (80 wt.% active, 10 wt.% Super C45, 10 wt.% PVDF); 'same procedure' does not establish a composition when the referenced procedure contains formulation details that may belong specifically to the anode, so the cathode composition is not established (28 was unsupported under any reading)",2026-09-17
nmc-0885,10.1002/adfm.202514795,conductive_additive_wt_pct,10,,not established for the cathode,"Cl-cHBC 40 wt.%, graphite 40 wt.%, Super C45 10 wt.%, PVDF 10 wt.%","multiple formulations, wrong one attached (anode composition on cathode rows)",cleared; composition not established for the cathode; cathode sentence kept as raw text,"wrong formulation attached: values came from the Cl-cHBC/graphite hybrid anode (80 wt.% active, 10 wt.% Super C45, 10 wt.% PVDF); 'same procedure' does not establish a composition when the referenced procedure contains formulation details that may belong specifically to the anode, so the cathode composition is not established",2026-09-17
nmc-0885,10.1002/adfm.202514795,binder_wt_pct,10,,not established for the cathode,"Cl-cHBC 40 wt.%, graphite 40 wt.%, Super C45 10 wt.%, PVDF 10 wt.%","multiple formulations, wrong one attached (anode composition on cathode rows)",cleared; composition not established for the cathode; cathode sentence kept as raw text,"wrong formulation attached: values came from the Cl-cHBC/graphite hybrid anode (80 wt.% active, 10 wt.% Super C45, 10 wt.% PVDF); 'same procedure' does not establish a composition when the referenced procedure contains formulation details that may belong specifically to the anode, so the cathode composition is not established",2026-09-17
nmc-0885,10.1002/adfm.202514795,electrode_ratio_raw,"Cl-cHBC 40 wt.%, graphite 40 wt.%, Super C45 10 wt.%, PVDF 10 wt.%","not established for the cathode; paper: 'The SC-NCM811 cathode was prepared using the same procedure as described above, with the only difference being that it was cast onto aluminum foil.'",cathode sentence (verbatim),"Cl-cHBC 40 wt.%, graphite 40 wt.%, Super C45 10 wt.%, PVDF 10 wt.%","multiple formulations, wrong one attached (anode composition on cathode rows)",cleared; composition not established for the cathode; cathode sentence kept as raw text,"wrong formulation attached: values came from the Cl-cHBC/graphite hybrid anode (80 wt.% active, 10 wt.% Super C45, 10 wt.% PVDF); 'same procedure' does not establish a composition when the referenced procedure contains formulation details that may belong specifically to the anode, so the cathode composition is not established; anode composition text replaced by the paper's cathode sentence",2026-09-17
nmc-0886,10.1002/adfm.202514795,active_material_wt_pct,28,,not established for the cathode,"Cl-cHBC 40 wt.%, graphite 40 wt.%, Super C45 10 wt.%, PVDF 10 wt.%","multiple formulations, wrong one attached (anode composition on cathode rows)",cleared; composition not established for the cathode; cathode sentence kept as raw text,"wrong formulation attached: values came from the Cl-cHBC/graphite hybrid anode (80 wt.% active, 10 wt.% Super C45, 10 wt.% PVDF); 'same procedure' does not establish a composition when the referenced procedure contains formulation details that may belong specifically to the anode, so the cathode composition is not established (28 was unsupported under any reading)",2026-09-17
nmc-0886,10.1002/adfm.202514795,conductive_additive_wt_pct,10,,not established for the cathode,"Cl-cHBC 40 wt.%, graphite 40 wt.%, Super C45 10 wt.%, PVDF 10 wt.%","multiple formulations, wrong one attached (anode composition on cathode rows)",cleared; composition not established for the cathode; cathode sentence kept as raw text,"wrong formulation attached: values came from the Cl-cHBC/graphite hybrid anode (80 wt.% active, 10 wt.% Super C45, 10 wt.% PVDF); 'same procedure' does not establish a composition when the referenced procedure contains formulation details that may belong specifically to the anode, so the cathode composition is not established",2026-09-17
nmc-0886,10.1002/adfm.202514795,binder_wt_pct,10,,not established for the cathode,"Cl-cHBC 40 wt.%, graphite 40 wt.%, Super C45 10 wt.%, PVDF 10 wt.%","multiple formulations, wrong one attached (anode composition on cathode rows)",cleared; composition not established for the cathode; cathode sentence kept as raw text,"wrong formulation attached: values came from the Cl-cHBC/graphite hybrid anode (80 wt.% active, 10 wt.% Super C45, 10 wt.% PVDF); 'same procedure' does not establish a composition when the referenced procedure contains formulation details that may belong specifically to the anode, so the cathode composition is not established",2026-09-17
nmc-0886,10.1002/adfm.202514795,electrode_ratio_raw,"Cl-cHBC 40 wt.%, graphite 40 wt.%, Super C45 10 wt.%, PVDF 10 wt.%","not established for the cathode; paper: 'The SC-NCM811 cathode was prepared using the same procedure as described above, with the only difference being that it was cast onto aluminum foil.'",cathode sentence (verbatim),"Cl-cHBC 40 wt.%, graphite 40 wt.%, Super C45 10 wt.%, PVDF 10 wt.%","multiple formulations, wrong one attached (anode composition on cathode rows)",cleared; composition not established for the cathode; cathode sentence kept as raw text,"wrong formulation attached: values came from the Cl-cHBC/graphite hybrid anode (80 wt.% active, 10 wt.% Super C45, 10 wt.% PVDF); 'same procedure' does not establish a composition when the referenced procedure contains formulation details that may belong specifically to the anode, so the cathode composition is not established; anode composition text replaced by the paper's cathode sentence",2026-09-17
nmc-1592,10.1002/ente.202100985,active_material_wt_pct,89,89.29,89.29,89.29:3.57:3.57:3.57 (NCM:graphite:CB:PVDF),extraction error: rounded whole number,replaced with the decimal stated in electrode_ratio_raw and the paper,"decimal rule: electrode_ratio_raw explicitly gives a decimal wt% for the component, so the paper-stated decimal replaces the rounded whole-number extraction; paper Table 2: NCM 89,29 / Graphite 3,57 / CB 3,57 / PVDF 3,57 wt%",2026-09-17
nmc-1593,10.1002/ente.202100985,active_material_wt_pct,89,89.29,89.29,89.29:3.57:3.57:3.57 (NCM:graphite:CB:PVDF),extraction error: rounded whole number,replaced with the decimal stated in electrode_ratio_raw and the paper,"decimal rule: electrode_ratio_raw explicitly gives a decimal wt% for the component, so the paper-stated decimal replaces the rounded whole-number extraction; paper Table 2: NCM 89,29 / Graphite 3,57 / CB 3,57 / PVDF 3,57 wt%",2026-09-17
